女装品牌,所在地区,图片链接
丝雨桐,浙江 杭州市,http://img2.efu.com.cn/upfile4/2022/2022-10-10/c54d952c-67eb-4d37-9565-a7a87d5177ff.png
H+3,广东 广州市,http://img2.efu.com.cn/upfile4/2024/2024-09-29/6621d6b3-2aac-4b6c-a147-a614217efb60.png
香影,浙江 杭州市,http://img2.efu.com.cn/upfile4/2023/2023-02-22/e211a6e0-cd8e-43ce-a5de-e0cee1e40a12.png
8号站台,安徽 合肥市,http://img2.efu.com.cn/upfile4/2024/2024-09-03/7f3bb892-8be8-4385-99f8-7fa1ca3a56c8.png
汉尚华莲,广东 广州市,http://img2.efu.com.cn/upfile4/2024/2024-07-26/d001708c-b1d0-430b-9f86-75f8e1fac3aa.png
薇薇希,福建 厦门市,http://img2.efu.com.cn/upfile4/2024/2024-07-22/0b142289-6e10-4ea0-8604-f809806ac274.png
迪笛欧,浙江 杭州市,http://img2.efu.com.cn/upfile4/2024/2024-07-18/a1b048bc-649f-4659-8d7e-5b1136d19334.png
谛丝,广东 广州市,http://img2.efu.com.cn/upfile4/2024/2024-06-27/df71d2fa-6c1e-4467-a42f-66b8d0c04292.png
缇沐,浙江 嘉兴市,http://img2.efu.com.cn/upfile4/2024/2024-06-20/20c602f0-2722-4ddb-bfa8-f40a7cca527b.png
尚芷荣,北京 北京,http://img2.efu.com.cn/upfile4/2023/2023-06-09/c10cf971-ef8b-415a-bbf4-e55cb804acec.png
俪姿国际,湖北 武汉市,http://img2.efu.com.cn/upfile4/2024/2024-06-12/small_20240612111405_15214053_3.png
斯珈妮,广东 东莞市,http://img2.efu.com.cn/upfile4/2024/2024-06-03/f1eb5e96-d235-4766-85cc-09281fa4136a.png
陌设,广东 东莞市,http://img2.efu.com.cn/upfile4/2024/2024-06-04/4156d340-cf46-45d1-bfb7-1d53cd44c3bc.png
昕季雨,浙江 杭州市,http://img2.efu.com.cn/upfile4/2024/2024-04-28/small_20240428164002_84464043_3.png
卡蔓,广东 东莞市,http://img2.efu.com.cn/upfile4/2021/2021-11-12/4b7edb86-c983-4481-9b4d-a9a0acbb0739.jpg
乔帛,广东 东莞市,http://img2.efu.com.cn/upfile4/2018/2018-07-10/61182b6f-d0a0-4a8d-b77a-bac34a30dc2f.png
荣子GLORYSEED,广东 广州市,http://img2.efu.com.cn/upfile4/2025/2025-02-21/fb6cefd5-177d-4580-a050-4625cbaf465f.png
堓上,广东 广州市,http://img2.efu.com.cn/upfile4/2020/2020-03-10/04d33bf2-6516-4503-98ed-387be1407e9e.png
百图,广东 深圳市,http://img2.efu.com.cn/upfile4/2019/2019-10-21/942841c3-a6d3-4183-aa61-9a2f5c5b10fb.png
丝珂,浙江 杭州市,http://img2.efu.com.cn/upfile4/2024/2024-03-28/364d232b-9613-4151-9824-4f6c10e20dc7.png
例格,广东 东莞市,http://img2.efu.com.cn/upfile4/2019/2019-12-27/95cdb40f-39ff-44f1-8913-f5c25f0744f9.png
PETVV,浙江 杭州市,http://img2.efu.com.cn/upfile4/2023/2023-10-26/445ad973-1aff-4878-a1e0-c2b7ece3a212.png
浅秋,浙江 杭州市,http://img2.efu.com.cn/upfile4/2023/2023-02-20/369db08e-0ba0-41d2-bde5-33b0af5c1ba9.png
唯尚娜,广东 深圳市,http://img2.efu.com.cn/upfile4/2024/2024-01-30/b1bdaa5a-dc04-4983-94b1-450383af3ca7.png
墨袖,浙江 杭州市,http://img2.efu.com.cn/upfile4/2024/2024-01-09/small_20240110101846_80442023_3.png
茵曼,广东 广州市,http://img2.efu.com.cn/upfile4/2022/2022-01-11/8b9fce4d-826b-4a38-aa95-b6d6ca03d803.png
彩素,浙江 杭州市,http://img2.efu.com.cn/upfile4/2024/2024-01-05/129f3f23-0a19-4255-97e1-ebbc0d401e0f.png
拉格蓓芮,上海 上海,http://img2.efu.com.cn/upfile4/2024/2024-01-04/7cd167ea-8473-4bcd-981d-33ee05f7dfea.png
Ladylulu,上海 上海,http://img2.efu.com.cn/upfile4/2023/2023-10-18/small_20231018134850_08089771_3.png
德玛纳,浙江 宁波市,http://img2.efu.com.cn/upfile4/2023/2023-12-14/842a2f5a-e447-4ded-9a7c-f6520c22c2c8.png
LAZYDATE,浙江 杭州市,http://img2.efu.com.cn/upfile4/2023/2023-12-07/b9fb6702-4059-4632-afb0-9394847330a5.png
依美言,浙江 杭州市,http://img2.efu.com.cn/upfile4/2023/2023-11-14/6f29e786-2d87-4087-97ca-ef4a64c7a518.png
Coolhut,浙江 杭州市,http://img2.efu.com.cn/upfile4/2023/2023-10-20/ce9a8e7e-fd74-4d45-bbcc-2c79f9b7a682.png
布芮祺,浙江 杭州市,http://img2.efu.com.cn/upfile4/2023/2023-10-12/b1288b61-2e4d-41c3-ab0a-894b8bbdd334.png
裁略,江苏 苏州市,http://img2.efu.com.cn/upfile4/2023/2023-09-13/small_20230913224354_39334665_3.png
右兮,广东 广州市,http://img2.efu.com.cn/upfile4/2023/2023-09-13/17f0bb85-11e9-4329-a982-2fedf72c08b3.png
城市衣柜,广东 广州市,http://img2.efu.com.cn/upfile4/2023/2023-09-13/51889675-ae17-45a6-b05f-2bb7274a8a8b.png
汀丁可,浙江 杭州市,http://img2.efu.com.cn/upfile4/2020/2020-05-22/9407f5aa-db42-4b0b-9621-689d76e3e810.png
简诣,上海 上海,http://img2.efu.com.cn/upfile4/2021/2021-05-11/88b96a64-0323-42dc-9d18-8f3b14d4e07a.png
衣貌,湖南 株洲市,http://img2.efu.com.cn/upfile4/2023/2023-08-21/b8a39362-4528-418f-bb74-4a591ac570ff.png
都苑国际,广东 广州市,http://img2.efu.com.cn/upfile4/2023/2023-08-04/12751cb2-841e-4fb9-81dd-348f37205e9d.png
爱唯,广东 广州市,http://img2.efu.com.cn/upfile4/2023/2023-08-02/28c9e2c1-233e-4aad-8504-7827a7d96cb8.png
奈维丽可,浙江 杭州市,http://img2.efu.com.cn/upfile4/2023/2023-07-28/d23df966-ab0e-4afe-a09b-c606c9c190ce.png
简抒,山东 青岛市,http://img2.efu.com.cn/upfile4/2023/2023-07-28/small_20230728154500_11791806_3.png
纳俪,浙江 杭州市,http://img2.efu.com.cn/upfile4/2023/2023-03-17/cceb754e-3641-4418-b48b-c7bd66134c5e.png
LAZYTIME,浙江 杭州市,http://img2.efu.com.cn/upfile4/2023/2023-06-13/720e75e2-a6e8-4fc7-b2b2-3ce75e2cc831.png
原起,广东 深圳市,http://img2.efu.com.cn/upfile4/2023/2023-06-25/small_20230626100833_13744632_3.png
禹妃,浙江 杭州市,http://img2.efu.com.cn/upfile4/2023/2023-06-26/ddbca7e6-ceaf-447d-b3af-054ae789be11.png
芝仪,河南 郑州市,http://img2.efu.com.cn/upfile4/2023/2023-06-08/88059494-2150-4b26-b008-81cb49b4aea5.png
兔中王,上海 上海,http://img2.efu.com.cn/upfile4/2023/2023-05-31/small_20230531140548_79687003_3.png
碧淑黛芙,浙江 湖州市,http://img1.efu.com.cn/upfile/brand/2014-04/39be12ba-db03-4ea2-a2b2-e1e15a1e7c22.png
纽莹,广东 广州市,http://img2.efu.com.cn/upfile4/2023/2023-05-24/small_20230525102059_04491792_3.png
路景,浙江 杭州市,http://img2.efu.com.cn/upfile4/2023/2023-05-24/small_20230525133219_33988611_3.png
南耳,浙江 杭州市,http://img2.efu.com.cn/upfile4/2023/2023-05-26/8a636e13-c3f0-4ee9-be2a-02658115a9be.png
嘉栩季,北京 北京,http://img2.efu.com.cn/upfile4/2023/2023-05-17/2caf21ed-b2d8-4268-867c-869658717fc5.png
摩凡,浙江 杭州市,http://img2.efu.com.cn/upfile4/2020/2020-07-16/7721482c-89b9-42ec-9863-ef5a451ddac1.jpg
梨花庄,广东 广州市,http://img2.efu.com.cn/upfile4/2023/2023-05-15/d4904d62-8114-4e1b-b364-7a8cd3cfc456.png
凯恩,浙江 杭州市,http://img2.efu.com.cn/upfile4/2023/2023-05-10/4156ed6a-a41c-4442-b27d-4650d616aecc.png
曼秀缤纷,浙江 杭州市,http://img2.efu.com.cn/upfile4/2023/2023-05-05/c4f76b57-239c-4b5d-af9c-2b4583c3e975.png
MuuMun echo,浙江 杭州市,http://img2.efu.com.cn/upfile4/2023/2023-04-24/small_20230425145943_91507132_3.png
37°生活美学,广东 广州市,http://img2.efu.com.cn/upfile4/2019/2019-04-04/a718b4f0-b2ae-4215-9190-5af9f5780a5b.png
芊素,广东 广州市,http://img2.efu.com.cn/upfile4/2023/2023-04-12/3bae24dc-7e4f-4fa1-a78f-b954e82f7546.png
补丁生活,北京 北京,http://img2.efu.com.cn/upfile4/2023/2023-04-12/small_20230412173916_68753683_3.png
沫尔,浙江 杭州市,http://img2.efu.com.cn/upfile4/2023/2023-04-11/small_20230411164826_29299216_3.png
简约风情,浙江 杭州市,http://img2.efu.com.cn/upfile4/2020/2020-11-27/6fe82f95-ad11-47b4-a100-7c9baf04bcc8.png
ORKart,广东 中山市,http://img2.efu.com.cn/upfile4/2023/2023-04-06/46a799bb-f7d9-4840-909e-6864791d92d0.png
AG名媛,湖北 武汉市,http://img2.efu.com.cn/upfile4/2023/2023-03-30/4a5f8d2f-70be-46ea-90f0-6ed478fff7d4.jpg
effusive,上海 上海,http://img2.efu.com.cn/upfile4/2020/2020-01-07/8eb6e4ed-0553-4b4d-9cd7-5effbda75333.png
雁腾逸,浙江 杭州市,http://img2.efu.com.cn/upfile4/2021/2021-03-31/e5091135-2a57-493c-babc-c407385ed173.png
奥伦提,广东 珠海市,http://img1.efu.com.cn/upfile/brand/2014-05/df780af0-cd30-40bb-be4f-f6247d92ea38.png
氏伽,福建 三明市,http://img2.efu.com.cn/upfile4/2021/2021-02-25/1a5906fa-ed1c-485b-96e0-45e53da740ed.png
所季,四川 成都市,http://img2.efu.com.cn/upfile4/2023/2023-05-16/4b324be9-174a-43e1-bb3a-484fd16b348c.png
一着章海燕,广东 深圳市,http://img2.efu.com.cn/upfile4/2023/2023-02-24/small_20230224105749_54881685_3.png
奥诗裳, ,http://img1.efu.com.cn/upfile/brand/2014-03/f537a5c5-c94a-4f16-8dd6-461863687f6e.png
卡蔓.郑,广东 东莞市,http://img2.efu.com.cn/upfile4/2022/2022-12-16/30326998-8a0c-4e87-bd8c-0c2269afae12.png
希莉莉斯,广东 深圳市,http://img2.efu.com.cn/upfile4/2022/2022-11-28/2d84c156-25ec-433e-b02a-7ba96ec223e5.jpg
锦绣依林,浙江 杭州市,http://img2.efu.com.cn/upfile4/2022/2022-11-22/a57f1bb2-6e4c-4344-a5d8-ea5421cb983c.jpg
兰蔻卓雅,广东 广州市,http://img2.efu.com.cn/upfile4/2026/2026-07-12/311bd3be-2325-4301-a496-382fa866ef41.jpg
蒂蒂猫,广东 广州市,http://img2.efu.com.cn/upfile4/2024/2024-04-16/b43056b1-1520-45a0-a9f5-885275ec652c.png
约布,浙江 杭州市,http://img2.efu.com.cn/upfile4/2022/2022-10-19/571f7b25-a26f-4cc2-bfed-6dfc220e90de.png
吉米赛欧,浙江 金华市,http://img2.efu.com.cn/upfile4/2022/2022-10-08/38321eea-41ca-4f1c-87c8-88b592b44db9.png
圣多衣,广东 广州市,http://img2.efu.com.cn/upfile4/2023/2023-04-28/4797654f-a73e-4ee5-aada-3caae4a711bb.png
seeusoon, ,http://img2.efu.com.cn/upfile4/2022/2022-09-28/d828b295-7354-41d7-ab00-294eac6729c1.png
一城画一,广东 广州市,http://img2.efu.com.cn/upfile4/2022/2022-09-20/b4a6d24d-e261-49b1-8550-355e02f9f968.png
炫日,安徽 六安市,http://img1.efu.com.cn/upfile/brand/2013-03/90f9c092-ba16-459e-b55c-e8fdd6f7839f.jpg
拜丽德,浙江 温州市,http://img1.efu.com.cn/upfile/brand/2014-05/0e638a6c-8455-4afd-86f5-2bc4520edcfa.png
川久保玲女装, ,http://img1.efu.com.cn/upfile/brand/2014-06/f84c394b-7503-4fed-b45c-1c0f750b27e2.png
法榭丽,上海 上海,http://img1.efu.com.cn/upfile/brand/2013-07/1ee29edb-3922-4afd-8518-8c4a7cf59fcc.jpg
MOTIVI, ,http://img1.efu.com.cn/upfile/brand/2013-07/d16b434f-3356-4fc9-ba24-c2a544e19acd.jpg
兰丝绘,浙江 杭州市,http://img1.efu.com.cn/upfile/brand/2013-07/b0069043-db36-4a09-911b-5827d87c7849.jpg
