标题,回复量,浏览量,作者,时间,详情页数据
牛市大概率结束了,71,62195,管住手尾盘买,07-26 01:20,"a股的牛市本质上都是流动性牛市，有增量资金源源不断入场，则水涨船高。每次牛市结束的原因其实只有一个，那就是增量资金不足以推动大盘维持在高位。这波牛市跟2019那轮很相似，持续时间，深证成指最高点，抱团方向高景气赛道等。从时间上讲，a股的牛市很难维持超过两年，因为增量资金只够支撑这么久。
"
【股区第一高手】质疑银行股的散户，出列！,29,10810,广州西村大表哥,07-26 01:18,"帮朋友投资银行股，正好到了一年之期这是我少有的买入后长时间处在亏损状态的情况但没关系，伟大的策略之所以伟大，是因为完全抛弃了投机因素，只要你努力，自然有回报。从之前17万定投到40万（现在收益率还是负）从阶段高点一路定投到低点反弹，从最大亏损2w到现在盈利1.6w，这个账户就像是没有天分的长跑选手，他的眼神坚毅，步伐沉稳，仿佛41岁的老汉，没有什么能让他掉队，他将带领葡萄牙永远跑下去。之前有的人说，你亏损也敢发出来？对不起，银行股的逻辑不在于账面上的亏损。越跌，其实越好。啥时候散户能明白了，自然就不会亏钱了。
https://i11.hoopchina.com.cn/E1C1A6BD912D709405CAC0EA56BA33EF_w_750_h_1624_.jpg?x-oss-process=image/resize,w_800/format,webp
https://i3.hoopchina.com.cn/E116142AC3984C9A68835AF1D8AC2E3E_w_750_h_1624_.jpg?x-oss-process=image/resize,w_800/format,webp
https://i10.hoopchina.com.cn/6A6A6E8F5BE39AD8C7284878CD2C84AF_w_750_h_1624_.png?x-oss-process=image/resize,w_800/format,webp
https://i5.hoopchina.com.cn/DEFC885F813EBB558487AE5D7CE4C801_w_750_h_1624_.png?x-oss-process=image/resize,w_800/format,webp
https://i11.hoopchina.com.cn/E1C1A6BD912D709405CAC0EA56BA33EF_w_750_h_1624_.jpg?x-oss-process=image/resize,w_800/format,webp
https://i3.hoopchina.com.cn/E116142AC3984C9A68835AF1D8AC2E3E_w_750_h_1624_.jpg?x-oss-process=image/resize,w_800/format,webp
https://i10.hoopchina.com.cn/6A6A6E8F5BE39AD8C7284878CD2C84AF_w_750_h_1624_.png?x-oss-process=image/resize,w_800/format,webp
https://i5.hoopchina.com.cn/DEFC885F813EBB558487AE5D7CE4C801_w_750_h_1624_.png?x-oss-process=image/resize,w_800/format,webp"
炒股两个月亏了一年多工资如何自救！,155,65901,摆烂梦想家,07-26 01:14,"96年30岁了，单身没有对象。最近两个月亏了差不多20万，累计亏损18个，因为两个月前赚了点开始贷款炒股，之前每个月会给老妈转点存起来，差不多就六七万存款在我妈那里，然后自己贷款炒股导致现在欠下了14万网贷。目前工资平均每月12k左右，还有房贷3300要还，其他开销省着点一千每月差不多，要多久才能上岸。劝诫朋友们一定不要贷款炒股，现在每天焦虑的睡不着，唉😮‍💨亏损图片是周三的，这几天又亏了将近两万
https://i10.hoopchina.com.cn/ADE1F7C4AC958DA720C1623B7798D670_w_1179_h_2556_.jpg?x-oss-process=image/resize,w_800/format,webp
https://i5.hoopchina.com.cn/92DA983CF3691BED2FF705676C9B032C_w_1179_h_2556_.jpg?x-oss-process=image/resize,w_800/format,webp
https://i10.hoopchina.com.cn/ADE1F7C4AC958DA720C1623B7798D670_w_1179_h_2556_.jpg?x-oss-process=image/resize,w_800/format,webp
https://i5.hoopchina.com.cn/92DA983CF3691BED2FF705676C9B032C_w_1179_h_2556_.jpg?x-oss-process=image/resize,w_800/format,webp"
我的人生太失败，累积亏了-120w，6月重仓科技股七月暴跌。,300,186358,虎扑JR1055397302,07-26 01:05,"反思自己的错误1.开超市，买太多。2.跟风追涨，看消息。3.破位了没有及时止损。4.会空仓才是祖师爷。5.沉迷交易浪费时光。6.波段操作吧。避免自己频繁操作的办法，可能还是选择场外指数基金。7.炒股绝对是反人性。8.2021年高位买了房，也亏了三百万。9.各位大佬有什么建议吗？
https://i3.hoopchina.com.cn/799e2cbdd54a5213748121073dde37c6_w_1060_h_1287_.jpg?imageMogr2/format/webp/auto-orient?x-oss-process=image/resize,w_800/format,webp
https://i3.hoopchina.com.cn/799e2cbdd54a5213748121073dde37c6_w_1060_h_1287_.jpg?imageMogr2/format/webp/auto-orient?x-oss-process=image/resize,w_800/format,webp"
这些跌幅50%以上的科技股有你中意的吗,102,47527,证券开户哥2号,07-26 00:56,"如果你站在光里，现在要光着站在那里了
https://i10.hoopchina.com.cn/hupuapp/bbs/830/113207830/thread_113207830_20260723153857_s_323031_o_w_946_h_1582_45800.jpg?x-oss-process=image/resize,w_800/format,webp
https://i10.hoopchina.com.cn/hupuapp/bbs/830/113207830/thread_113207830_20260723153857_s_323031_o_w_946_h_1582_45800.jpg?x-oss-process=image/resize,w_800/format,webp"
大家看看我是不是成功抄底江淮汽车了，情况是这样的6月11日时，江淮汽车股价约31元，我随手设置了一个条件单，到20元的时候就自动买入，有效期是一年。结果，今天7月24日就触发了，才短短43天,7,2549,宏民,07-26 00:56,"大家看看我是不是成功抄底江淮汽车了，情况是这样的6月11日时，江淮汽车股价约31元，我随手设置了一个条件单，到20元的时候就自动买入，有效期是一年。结果，今天7月24日就触发了，才短短43天，这段时间，江淮汽车一点也没有止跌趋势，但是我相信20元应该到底了。不过我不贪心，我觉得这把赚50%就够了哈，我再设置一个条件单去~——31元卖出70%。
https://i3.hoopchina.com.cn/c4c98a7a8fb6d880cefd7837c3cc2868_w_1260_h_2800_.jpg?x-oss-process=image/resize,w_800/format,webp
https://i1.hoopchina.com.cn/afba665874905d4b161bd0847aae49f5_w_1260_h_2800_.jpg?x-oss-process=image/resize,w_800/format,webp
https://i10.hoopchina.com.cn/fe4dcb0258e45e751cf49be7f388a461_w_1260_h_2800_.jpg?x-oss-process=image/resize,w_800/format,webp
https://i3.hoopchina.com.cn/c4c98a7a8fb6d880cefd7837c3cc2868_w_1260_h_2800_.jpg?x-oss-process=image/resize,w_800/format,webp
https://i1.hoopchina.com.cn/afba665874905d4b161bd0847aae49f5_w_1260_h_2800_.jpg?x-oss-process=image/resize,w_800/format,webp
https://i10.hoopchina.com.cn/fe4dcb0258e45e751cf49be7f388a461_w_1260_h_2800_.jpg?x-oss-process=image/resize,w_800/format,webp"
2026盖楼帖,33,2054,人不发呆就不会呆可我不,07-26 00:55,"今天突然发现带我股市入门的良师益友在虎扑销户了，有种感慨的感觉，也有种一直在背后支撑自己的朋友消失了的感觉，最大的遗憾就是没机会再回头去翻翻他的帖子了，哪怕不再直接交流，但是每次从头浏览他对市场的理解，我都收益良多，虽然已经告过一次别，但是还是再次祝愿果大身体健康，生活平安幸福，祝在果大楼里一起交流过的朋友也一样。在今天这样市场大跌的日子里，既然没有人再不求回报地扶自己一把了，那就该自己努力跑起来，这是我写这个帖子的心理动因之一。我入市的时间不长，经验也不多，对市场的认知和交易系统的培养都是在和各位朋友的交流中慢慢走出来我自己的路，希望这是一条能走下去的路。我是比较纯粹的技术派，技术指标主要看的macd，成交量，均线指标我用的是ema均线，当然我也会关注市场上那些重大有影响力的事件，会留意一下情绪和消息面，不过基本上还是从技术指标的角度看待这个市场，我在这个市场上唯一称得上信赖的东西就是量价关系。有很多朋友会怀疑技术指标的价值，但我想说的是，基本面也好、技术面也好、情绪面消息面也罢，这都只是不同的观察市场的角度而已，但我们观察的都是同一个市场，然后从市场这个森罗万象里提炼出能适用于自己系统的东西，所以没有好不好，只有适不适合自己。在我的认知里，这个市场始终要遵循基本的筹码逻辑，雁过留痕，技术指标的背后都是多空博弈以后的结果，能让我管中窥豹、揣摩这个市场后续可能的动向，但是预期都只是预期，还需市场验证，这就是复盘的价值。进入正题：目前我对大盘的思考主要是两个问题：一、这个牛市是月k级别的还是季k级别的？这个问题直接决定了牛市的长度和高度，目前为止大A的历次牛市都是月k级别的，主力在两三年的时间周期里将各个板块都做一遍利润，拉高通胀把经济带起来。历史总是周而复始又螺旋上升，历经几十年的变迁，大A目前的市场规模和流动性规模已不可同日而语，如果主力确实希望在这次打造一个长牛慢牛，走出季k级别的行情规模就是可能实现的，这是宏观层面的简单猜测。核心思路之一是目前的双创形态，这次牛市的板块总龙是双创应该没有疑问，从季k的形态和量价配合上看，就是三段季k量价齐升夹杂着锻造箱体、打造阶段性平台的过程，从这个视角来看就是一个稳步抬升的过程，月kmacd是自然的连续新高。但是不管是因为主力的主动控制，还是市场目前的规模就到这里，受限于流动性的规模，这种大容量的弹性板块要走出这种强度拉升，不可避免的在加速阶段要虹吸其他板块的流动性，毕竟这个盆就那么大，你乘多点水我就只能少喝点了，所以主板里的其他容量板块，也就是大家调侃的老登，包括医药、消费等等板块走出了季k级别的调整，在很长一段时间里跌跌不休，无人光顾。大家把不同板块的季k叠起来看，就会发现去年同步箱体震荡以后，双创季k的加速拉升明显对应着老登的季k调整。核心思路之二，就是目前北证、券商、恒科为代表的一批板块，这里暂时不提它们的个性，共性上看，这些板块在去年做出了月k级别的顶部结构，按理说月k级别顶部结构的确立基本对应着这轮牛市的终结，实际上看从月k铸顶开始就是标准夹角打开放量调整，但我想直到这个月以前，大家对牛市结束的论调应该普遍持反对态度，最重要的一点就是流动性规模，3we的量就不是熊市能有的。另一个原因，也是因为这些板块随着月k级别的调整，带来了下踩季k级别的支撑，并且在季k级别的大周期支撑位上有效止跌，小周期也做出标准的日k、周k结构，说明下跌动能大大衰减。如果后续市场能成功地推进高低切，这些历经季k级别调整的板块也走出季k级别的主升，那这个观点就得到了验证。市场将在不同板块的季k上升阶段中走出长牛。说回宏观的角度，主力做牛市的核心目的之一就是为了复苏经济、刺激消费，走到现在还有一大堆板块还嗷嗷待哺呢，没有偏心的道理。不过当前市场上大部分板块的月k形态都很不理想了，就算后面牛市要继续，包括指数在内的很多板块估计也要经历一段时间的整理。还有另一个预期，就是这个牛市确实还是只有月k级别的高度，资金在一批板块上赚够了就结账撤离，月k死叉放量大跌，牛市画上终点。到底是哪种只能随着行情的发展逐步揭晓了。二、这个牛市会以什么样的方式收尾。年初汪汪队把货抛给机构以后，我就一直在思考一个问题，这个牛市到底是会像15年一样，在极尽升华中大资金一口气把货全倒完，放量涨放量跌不做多重顶。还是像21年那样反复地打造月k缩量顶，一浪一浪冲击新高中轮动出货？亦或者是一次冲高以后，在往下几百点大箱体里反复震荡，直到把做多的动能消耗殆尽。从目前上证的周k、月k来看，现在已经有走后两种形态的苗头了。不过基于第一个问题的思考，我暂且还是愿意相信希望的。短线的预期上，上证下踩大箱体底部，指数在今天盘中回踩到月k、季k级别共振的均线支撑，月k是下探到21ema，季k是8ema附近，指数30min往上的周期到普遍是夹角打开放量杀跌，如果理想的话应该是下周回来见反弹，今天放量杀跌完很多板块短期的担子要轻一些了，然后在多空的反复拉扯中震荡驻底，从狂风暴雨到一潭死水，然后迎来反转。当然，前提是这波杀跌没把牛噶了。目前我拿上证举例子，这个非常失真，基本只能当天气预报，不过也总比没有强，实际上还是围绕各自在做的板块，关注板块自身的发展、宏观的预期以及和市场整体的联动情况。当然还有很多对市场的理解和经验上的东西我还很浅薄，绝不敢自以为人师，权当交流。然后是实际操作上，肯定要回避掉形态不好有待整理的高位板块，不过我这人经常手痒，有时候喜欢拿小仓位在下降趋势里博反弹接飞刀，我也安慰自己不体会过怎么知道其中的凶险呢？但是这肯定是个坏例子就是了。我顺便贴一个实盘，增加点实践性质的说服力，不过体量很小，只有2w，比不得高手，而且这个阶段我只做etf，不做个股，拒绝一切荐股、拉群、卖课的行为，只交流。这个季度我主要的目标就是医药、消费、恒科以及其他在季k经过充分整理的板块，医药是上个月底开始参与，这两天虽然有日k的顶部结构雏形，但是我理解上这至少是个周k级别的主升，不太想下仓位，结果回撤了不少，但是这个回撤算是我系统内可以接受的风险，这段拉升算上前面的一次清仓，这个板块我做了二十个点的利润垫，还扛得住。消费目前的周k形态我还不满意，感觉差个缩量底，恒科一直在做成本。短线上月初的时候参与一下科创做次顶的收益，结果这两天看科创回踩日k55ema支撑，想着小仓位做做小周期的反弹，结果今天给我套了，服了。主要是没想到低位板块短期顶部和高位板块的恐慌杀跌共振有这么大的杀伤力，今天这个打挨得还算值得，下次吸取教训。因为我平常还有其他工作，所以尽量维持日更。
https://i3.hoopchina.com.cn/F81D1349196405B93EE218AC760B187F_w_1320_h_2868_.png?x-oss-process=image/resize,w_800/format,webp
https://i10.hoopchina.com.cn/EFEDF72730809A1E270BDA65D443A6D2_w_1320_h_2868_.png?x-oss-process=image/resize,w_800/format,webp
https://i3.hoopchina.com.cn/F81D1349196405B93EE218AC760B187F_w_1320_h_2868_.png?x-oss-process=image/resize,w_800/format,webp
https://i10.hoopchina.com.cn/EFEDF72730809A1E270BDA65D443A6D2_w_1320_h_2868_.png?x-oss-process=image/resize,w_800/format,webp"
锂矿杀的我心惊胆寒，只能销户了,81,34527,虎扑JR0471125054,07-26 00:51,"没法，已经对这个市场彻底死心，三个月腰斩，从没见过如此恶心的股市
"
看几个股票代表图形，还有人在犟嘴说还是牛市，哈哈,55,51636,虎扑JR0471125054,07-26 00:51,"如你所愿，牛市来了，哈哈哈哈哈哈
https://i5.hoopchina.com.cn/hupuapp/bbs/751/114477751/thread_114477751_20260713095557_s_946720_o_w_1312_h_2848_43638.jpg?imageMogr2/format/webp/auto-orient?x-oss-process=image/resize,w_800/format,webp
https://i1.hoopchina.com.cn/hupuapp/bbs/751/114477751/thread_114477751_20260713095557_s_969891_o_w_1312_h_2848_20021.jpg?imageMogr2/format/webp/auto-orient?x-oss-process=image/resize,w_800/format,webp
https://i1.hoopchina.com.cn/hupuapp/bbs/751/114477751/thread_114477751_20260713095557_s_1038929_o_w_1312_h_2848_18284.jpg?imageMogr2/format/webp/auto-orient?x-oss-process=image/resize,w_800/format,webp
https://i3.hoopchina.com.cn/hupuapp/bbs/751/114477751/thread_114477751_20260713095557_s_960936_o_w_1312_h_2848_27227.jpg?imageMogr2/format/webp/auto-orient?x-oss-process=image/resize,w_800/format,webp
https://i11.hoopchina.com.cn/hupuapp/bbs/751/114477751/thread_114477751_20260713095557_s_932400_o_w_1312_h_2848_13808.jpg?imageMogr2/format/webp/auto-orient?x-oss-process=image/resize,w_800/format,webp
https://i5.hoopchina.com.cn/hupuapp/bbs/751/114477751/thread_114477751_20260713095557_s_929089_o_w_1312_h_2848_2176.jpg?imageMogr2/format/webp/auto-orient?x-oss-process=image/resize,w_800/format,webp
https://i11.hoopchina.com.cn/hupuapp/bbs/751/114477751/thread_114477751_20260713095557_s_975276_o_w_1312_h_2848_278.jpg?imageMogr2/format/webp/auto-orient?x-oss-process=image/resize,w_800/format,webp
https://i5.hoopchina.com.cn/hupuapp/bbs/751/114477751/thread_114477751_20260713095557_s_982279_o_w_1312_h_2848_86532.jpg?imageMogr2/format/webp/auto-orient?x-oss-process=image/resize,w_800/format,webp
https://i3.hoopchina.com.cn/hupuapp/bbs/751/114477751/thread_114477751_20260713095557_s_904159_o_w_1312_h_2848_51200.jpg?imageMogr2/format/webp/auto-orient?x-oss-process=image/resize,w_800/format,webp
https://i5.hoopchina.com.cn/hupuapp/bbs/751/114477751/thread_114477751_20260713095557_s_946720_o_w_1312_h_2848_43638.jpg?imageMogr2/format/webp/auto-orient?x-oss-process=image/resize,w_800/format,webp
https://i1.hoopchina.com.cn/hupuapp/bbs/751/114477751/thread_114477751_20260713095557_s_969891_o_w_1312_h_2848_20021.jpg?imageMogr2/format/webp/auto-orient?x-oss-process=image/resize,w_800/format,webp
https://i1.hoopchina.com.cn/hupuapp/bbs/751/114477751/thread_114477751_20260713095557_s_1038929_o_w_1312_h_2848_18284.jpg?imageMogr2/format/webp/auto-orient?x-oss-process=image/resize,w_800/format,webp
https://i3.hoopchina.com.cn/hupuapp/bbs/751/114477751/thread_114477751_20260713095557_s_960936_o_w_1312_h_2848_27227.jpg?imageMogr2/format/webp/auto-orient?x-oss-process=image/resize,w_800/format,webp
https://i11.hoopchina.com.cn/hupuapp/bbs/751/114477751/thread_114477751_20260713095557_s_932400_o_w_1312_h_2848_13808.jpg?imageMogr2/format/webp/auto-orient?x-oss-process=image/resize,w_800/format,webp
https://i5.hoopchina.com.cn/hupuapp/bbs/751/114477751/thread_114477751_20260713095557_s_929089_o_w_1312_h_2848_2176.jpg?imageMogr2/format/webp/auto-orient?x-oss-process=image/resize,w_800/format,webp
https://i11.hoopchina.com.cn/hupuapp/bbs/751/114477751/thread_114477751_20260713095557_s_975276_o_w_1312_h_2848_278.jpg?imageMogr2/format/webp/auto-orient?x-oss-process=image/resize,w_800/format,webp
https://i5.hoopchina.com.cn/hupuapp/bbs/751/114477751/thread_114477751_20260713095557_s_982279_o_w_1312_h_2848_86532.jpg?imageMogr2/format/webp/auto-orient?x-oss-process=image/resize,w_800/format,webp
https://i3.hoopchina.com.cn/hupuapp/bbs/751/114477751/thread_114477751_20260713095557_s_904159_o_w_1312_h_2848_51200.jpg?imageMogr2/format/webp/auto-orient?x-oss-process=image/resize,w_800/format,webp"
723偶尔记录,12,1498,楼下是大锤,07-26 00:38,"有点忙，止盈科蓝软件，平出晓程科技，减清每日互动、清中国软件，割国光电器、割歌尔股份开英维克，+1，+3，-0开工业富联，+3一点开浙大网新，-1一点躺：云铝股份，首都在线今天金属的风头被电网盖住，挺好的
"
德明利这个2000亿的大票，14个交易日从900跌到400，这个市场也太奇葩了,145,55936,柑普茶味,07-26 00:29,"谁还信那套长期持股的慢牛宣传口号啊😦
https://i5.hoopchina.com.cn/2fc8b349e80335a6761db1b3465004e5_w_1080_h_1681_.jpg?imageMogr2/format/webp/auto-orient?x-oss-process=image/resize,w_800/format,webp
https://i5.hoopchina.com.cn/2fc8b349e80335a6761db1b3465004e5_w_1080_h_1681_.jpg?imageMogr2/format/webp/auto-orient?x-oss-process=image/resize,w_800/format,webp"
普通人实盘冲150万,23,4751,煮粥菌,07-26 00:28,"谷歌资本支出没问题，ai硬件仍是主线，短期已经是低位，只是需要等待。
https://i11.hoopchina.com.cn/f2ae533eb0657a374259948eeab89082_w_1440_h_2380_.jpg?imageMogr2/format/webp/auto-orient?x-oss-process=image/resize,w_800/format,webp
https://i3.hoopchina.com.cn/8bf61527ffa0922aab6e76f21d28045b_w_1436_h_428_.jpg?imageMogr2/format/webp/auto-orient?x-oss-process=image/resize,w_800/format,webp
https://i11.hoopchina.com.cn/f2ae533eb0657a374259948eeab89082_w_1440_h_2380_.jpg?imageMogr2/format/webp/auto-orient?x-oss-process=image/resize,w_800/format,webp
https://i3.hoopchina.com.cn/8bf61527ffa0922aab6e76f21d28045b_w_1436_h_428_.jpg?imageMogr2/format/webp/auto-orient?x-oss-process=image/resize,w_800/format,webp"
7月收益,1,827,拓荒者FMVP杨瀚森,07-26 00:27,"本周开盘把20%多仓位的已回本微盈的福耀玻璃，全部换成第一重仓，然后满仓单吊科创板的一个小市值半导体。
https://i5.hoopchina.com.cn/hupuapp/bbs/863/39654863/1784962702_306452IMG_3237.png?x-oss-process=image/resize,w_800/format,webp
https://i5.hoopchina.com.cn/hupuapp/bbs/863/39654863/1784962702_306452IMG_3237.png?x-oss-process=image/resize,w_800/format,webp"
现在才是真牛市吧4200家上涨,64,16822,海边的宁静,07-26 00:27,"科技信徒请继续锁仓为盛世开太平！是不是觉得熬到长鑫上市就好起来？哈哈只能说很傻很天真
https://i3.hoopchina.com.cn/2DB7A8C3B2D0AF23FB79B228BC7C4139_w_820_h_831_.png?x-oss-process=image/resize,w_800/format,webp
https://i3.hoopchina.com.cn/2DB7A8C3B2D0AF23FB79B228BC7C4139_w_820_h_831_.png?x-oss-process=image/resize,w_800/format,webp"
炒股亏到快腰斩了,23,16903,只在梦里拥有过她,07-26 00:25,"辛辛苦苦打了几年工，攒了几万块钱，没想过能靠炒股发财，只是想着至少能赚个菜钱吧，不用整天点十块钱的外卖，不用整天吃路边的快餐，但还是太天真了，一直没有盈利过，就像个小丑被股市玩弄，买到了突然被st的票，出来后又被另一只票套住，《炒股要是能赚钱你连户都开不了》看到这句话的时候还以为是个玩笑，现在想想，真的连吐槽的心气都没有了，只是看着自己辛苦攒下的钱这样亏掉，确实是很难受
"
《功夫女足》基本丸了，还不如《笑傲江湖》,135,49056,广州西村大表哥,07-26 00:17,"不知道周星驰何意味，搞完《功夫足球》已经完满，没必要再复刻一个女足版本。只能说是纯纯宰猪，粉丝经济概念了。还有个动画电影《笑傲江湖》，但这玩意受众面太窄，剧情又比天龙八部，神雕侠侣复杂很多，基本上不可能有哪吒，姜太公他们的水平。中国缺少一个类似宫崎骏那样的动画大师，既要有传统文化，又要反映现实，给人一些更深度的思考，目前国内动漫还在打坏人的层面太低幼了一些。
"
上证指数正在走一个扩张三角形机构，下周就变盘了,7,7301,南宫无敌,07-26 00:07,"目前已经来到了三角形底部，这里向上或者向下的概率都是50％，如果向下跌破3740，3天都没收回来就非常的危险了，如果这里出现连续的放量阳性，就大概率是向上的结构了，3750这里我已经满仓，之前我一直就3层仓位，目前手里的持仓都是宽基,证券  银行 工业金属，还有一丢丢算力。
https://i3.hoopchina.com.cn/9b0d019e51e0163c93da8fd65e853032_w_1347_h_495_.png?x-oss-process=image/resize,w_800/format,webp
https://i3.hoopchina.com.cn/9b0d019e51e0163c93da8fd65e853032_w_1347_h_495_.png?x-oss-process=image/resize,w_800/format,webp"
下周A股大盘预测,0,710,notgreywater,07-26 00:01,"告别震荡纠结的一周，七月最后一个交易日周，A股整体依旧以磨底修复、结构分化为核心基调，没有系统性大跌风险，也难迎来全面普涨行情，机会集中在细分主线，重在择股而非择时。整体盘面节奏来看，下周市场流动性整体宽松，对冲了月末资金压力，叠加政策托底信号明确，市场底部支撑扎实。周一大概率小幅低开消化短期浮筹，随后资金逐步回流，走出探底回升走势，确认短期支撑区间。周二至周四是本周行情核心窗口，随着中报披露进入收尾阶段，市场资金会持续高低切换，从高位拥挤题材转向低估值、有业绩支撑的优质标的，指数维持横盘震荡、稳步磨底的态势。周五市场情绪趋于谨慎，部分短线资金获利兑现，盘面会出现小幅分化震荡。板块方向上，两大主线确定性最高。电力板块是下周核心稳健赛道，全国持续高温带动用电负荷屡创新高，叠加行业业绩反转、政策利好加持，走出中期修复行情，火电、绿电龙头韧性十足，短期低位标的机会突出。算力赛道延续结构性机会，行业基本面扎实、手握长期订单的设备、液冷、封测龙头，能够穿越市场震荡，走出独立行情，纯题材炒作的小票则需规避。操作层面，当下市场增量资金不足、热点轮动较快，切忌追高。稳健思路优先布局低位低估值、中报业绩超预期的标的，逢低潜伏核心主线龙头。高位题材个股尽量规避，避免高位回撤风险。月末行情重在耐心持仓，不频繁换仓，把握结构性修复行情即可。
"
空仓中，耐心等待，耐心等待---南昌炒股神经刀,15,1264,cml102911,07-26 00:00,"盘面仍然处于一个下跌状态，不要急着进场，而且这里存在着暴跌的可能，杠杆大规模爆仓
"
熟悉的黑色星期五，但依旧看好,16,4868,巴菲特爱吃韭菜,07-25 23:59,"牛市还在，中场休息而已。
https://i11.hoopchina.com.cn/FC17421C01CC0530D0A03C828686F3A7_w_1284_h_1497_.png?x-oss-process=image/resize,w_800/format,webp
https://i11.hoopchina.com.cn/FC17421C01CC0530D0A03C828686F3A7_w_1284_h_1497_.png?x-oss-process=image/resize,w_800/format,webp"
26年7月超短楼,31315,2077792,希夏邦驴,07-25 23:53,"如题
"
请教各位老哥，像七月这样一瞬间能跌掉半年涨幅的行情多见吗？,76,20910,虎扑JR1566537340,07-25 23:46,"小弟才买几个月，之前运气好，挣了小几千，现在连本都亏掉五千了，今年年初开始看股市的，这一年里，七月这样的行情有点太吓人了啊
"
时隔两年半，城发 再次涨停,111,37329,我的麦滴大哥,07-25 23:43,"距离上个帖子，贴出来的五只股票，已经过去一个月了。盛屯很早就说过，已经到达目标位了，后面不建议再参与。其他四只，中原，城发，苏盐，柳药，都只是时间问题，城发时隔两年半再次涨停，只用了2个亿的成交量，可见主力控盘程度很高，这种稳健慢走型的股票需要时间比较长，但是基本上只要拿的住，赚钱是迟早的事情。所以，今天城发涨停之后，持有柳药，苏盐，中原的这些都要保持耐心。今天城发时隔两年半涨停，新帖纪念一下。希望大家都保持耐心，赚得自己在股市的第一桶金。#中长线投资
https://i1.hoopchina.com.cn/hupuapp/bbs/154/31414154/thread_31414154_20250929130039_s_978162_o_w_1260_h_2800_68237.jpg?imageMogr2/format/webp/auto-orient?x-oss-process=image/resize,w_800/format,webp
https://i11.hoopchina.com.cn/hupuapp/bbs/154/31414154/thread_31414154_20250929130039_s_652428_o_w_1260_h_2800_92866.jpg?imageMogr2/format/webp/auto-orient?x-oss-process=image/resize,w_800/format,webp
https://i1.hoopchina.com.cn/hupuapp/bbs/154/31414154/thread_31414154_20250929130039_s_978162_o_w_1260_h_2800_68237.jpg?imageMogr2/format/webp/auto-orient?x-oss-process=image/resize,w_800/format,webp
https://i11.hoopchina.com.cn/hupuapp/bbs/154/31414154/thread_31414154_20250929130039_s_652428_o_w_1260_h_2800_92866.jpg?imageMogr2/format/webp/auto-orient?x-oss-process=image/resize,w_800/format,webp"
总结一个高胜率短线模式,72,46803,海边的宁静,07-25 23:40,"不少好兄弟希望指点方向那授人以鱼不如授人以渔本月观察了近 40  多只并多次实测总结的在当下行情胜率高达 90% 以上的模式我称之为鱼塘钓鱼大法核心要点【短线】+【分仓】+【超跌】无脑三步走，①找图形，②拿三天，③有赚就卖首先收盘后找每天跌幅肉眼可见加速下跌个股可以用同花顺的形态选股功能找图形走势有点像抛物线尽量找低位还有下跌之前最好有过大阳线拉升像根鱼竿最后根据自己喜好经验删选出看好的加入自选鱼塘之后如果发现其出现止跌收阳十字信号尾盘买入（注意分仓 3-10 只，均可看自己）然后第二天卖出有明显拉升但不封板的票没涨的留着不动但最多拿三天，三天没表现也走这个模式适合有时间盯盘还爱操作的选手原理是加速下跌的惯性恐慌是巨大的如果此时有能力托住止跌的大概率不是散户下图随便列举几个你也可以翻看最近几天涨停的票都是些什么走势大多都是此形态记住一定要分仓，一定不要贪有赚就走如果没时间那我还是建议空仓等股灾不然这种行情越操作亏的越多
https://i11.hoopchina.com.cn/B4887420D69EC6212CEB192815018563_w_1179_h_2556_.png?x-oss-process=image/resize,w_800/format,webp
https://i1.hoopchina.com.cn/A84C382652D9642DB21E4453D6ED15D7_w_1179_h_2556_.png?x-oss-process=image/resize,w_800/format,webp
https://i1.hoopchina.com.cn/6D8FA2A61ED81A0DCC2B723C56DD1E8B_w_2607_h_5652_.jpg?x-oss-process=image/resize,w_800/format,webp
https://i3.hoopchina.com.cn/293E4BCE400B1D14DA7F8F0B15956275_w_749_h_1624_.png?x-oss-process=image/resize,w_800/format,webp
https://i3.hoopchina.com.cn/EE42D7D3852F019E80B796E86130195C_w_1179_h_2556_.png?x-oss-process=image/resize,w_800/format,webp
https://i11.hoopchina.com.cn/B4887420D69EC6212CEB192815018563_w_1179_h_2556_.png?x-oss-process=image/resize,w_800/format,webp
https://i1.hoopchina.com.cn/A84C382652D9642DB21E4453D6ED15D7_w_1179_h_2556_.png?x-oss-process=image/resize,w_800/format,webp
https://i1.hoopchina.com.cn/6D8FA2A61ED81A0DCC2B723C56DD1E8B_w_2607_h_5652_.jpg?x-oss-process=image/resize,w_800/format,webp
https://i3.hoopchina.com.cn/293E4BCE400B1D14DA7F8F0B15956275_w_749_h_1624_.png?x-oss-process=image/resize,w_800/format,webp
https://i3.hoopchina.com.cn/EE42D7D3852F019E80B796E86130195C_w_1179_h_2556_.png?x-oss-process=image/resize,w_800/format,webp"
听说你们都在说股灾？,23,16019,川娃子666,07-25 23:40,"
https://i5.hoopchina.com.cn/hupuapp/bbs/227/33918227/1784285991_692274IMG_9360_w_1206_h_2622_.png?x-oss-process=image/resize,w_800/format,webp
https://i5.hoopchina.com.cn/hupuapp/bbs/227/33918227/1784285991_692274IMG_9360_w_1206_h_2622_.png?x-oss-process=image/resize,w_800/format,webp"
国家队百亿托底，牛市中继还是熊来了？,53,36867,七哥股市看戏2,07-25 23:36,"答案是：牛没死，只是被人揍了，现在正蹲在墙角喘气。多家机构复盘了1995年以来A股历次跌破年线的案例——牛市中继样本10个，牛熊拐点样本7个。结论很一致：当前更像牛市中继，而非牛熊转换。为啥这么说？牛市变熊市需要同时满足两个条件：宏观经济崩了 + 全市场情绪热到发疯。现在呢？一季度全A非金融净利润同比增速11%，盈利还在修复；情绪上，只有科技板块局部拥挤，全市场远远没到“全民疯狂”的地步。所以别听那些喊“牛市完了”的段子手瞎忽悠。牛没跑，只是在换气。不过也得说实话这轮牛市从2024年2月启动，已经跑了两年多，科技板块涨得确实猛，通信设备、AI硬件这些方向最大涨幅超过7倍。涨多了就得歇一歇，这叫“牛市中年危机”，不是“牛市去世” 。7月这顿揍，挨得冤不冤？冤，但也不冤。不冤的是：科技股确实太拥挤了。AI硬件涨了那么多，韩国那边又搞出杠杆爆仓的事，全球AI赛道跟着遭殃。资金从高位科技股出逃，涌向低估值高股息板块。7月前20天，多个指数跌幅超15%，沪指也跌了7.3%。冤的是：这轮下跌更多是情绪传染，不是咱们基本面出了问题。韩国杠杆爆仓、美伊冲突这些外部因素，跟A股公司赚不赚钱没啥关系。财信证券首席经济学家袁闯说得直白——“本轮A股调整具有明显的非理性特征，并非源于国内基本面恶化”。就好比你邻居家着火了，你吓一跳摔了一跤，但你家房子其实没事。8月怎么走？散户该怎么跟？先说结论：8月大概率是“震荡筑底→蓄势待发”的剧本。第一阶段（8月上中旬）：震荡磨底，别急着冲。市场风格再平衡接近尾声，但指数短期V型反转概率不大，日线更可能构筑“W型”底部。啥意思？就是跌一下、弹一下、再跌一下、再弹一下，跟老太太跳广场舞似的，节奏慢但稳。第二阶段（8月下旬开始）：机会来了。多家机构都指向同一个时间窗口8月下旬至10月底，A股可能迎来再次做多的有利窗口期。为啥是这个时候？中报披露完毕，业绩底牌亮出来了；政策信号逐步明朗；而且咱们A股这轮调整比海外领先，也有望先企稳、先反转。说白了就是：8月上中旬你还能悠哉悠哉挑股票，8月下旬开始，该动手就别犹豫了。关注方向：三个口袋，分别装不同的钱口袋一：AI科技，跌完还是它别被这轮暴跌吓跑了。全球算力需求还在扩张，AI产业的上行趋势没结束。张忆东判断，8月到11月AI行情有望重新走强。瑞银也说了，科技板块和AI仍是下半年的市场主线。但注意：以前是“闭眼买AI都赚钱”，以后是“有业绩的AI才值钱。关注AI硬件龙头、计算机、传媒、人形机器人这些有基本面支撑的方向。口袋二：低位绩优股，等风来医药（创新药）、非银金融、白酒这些前期滞涨但基本面在改善的板块。中报业绩披露期，业绩好的公司会重新获得溢价。这些票就像班里成绩不错但一直坐后排的同学，轮也该轮到他们上台了。口袋三：高股息防御品种，稳字当头银行、电力这些。大盘不稳的时候，它们就是你的“防弹衣”。7月20日银行板块42只股票全部上涨，说明啥？市场一慌，大家就往“稳”的地方躲。给散户的操作建议1. 仓位别满，留点子弹现在不是all in的时候。8月上中旬震荡期，仓位控制在5-6成就行。等8月下旬信号明确了再慢慢加。2. 跌了别慌，涨了别疯急跌的时候想想——国家队600亿都砸进去了，宽基ETF一周净流入超1500亿，政策托底信号这么明显，你慌啥？急涨的时候想想——上面套牢盘那么多，一口气冲上去也难。3. 盯着两个信号中报业绩：8月是业绩密集披露期，业绩好的公司会先爬起来成交量：如果市场成交额和换手率出现企稳或放量，就是企稳回升的关键信号4. 别跟风割肉恐慌性指标已经处于历史阶段性高位。每次你特别想割肉的时候，往往就是离底部不远了。反过来，每次你特别想追高的时候，往往就是该跑的时候。最后送大家一句口诀牛没死，别自己吓自己；8月磨底别着急，下旬动手正当时；AI是主线，低位也留意，高股息压舱底；跌了敢买，涨了敢卖，别把短线做成长线。股市这玩意儿，七分靠心态，两分靠策略，一分靠运气。心态稳住了，你就赢了一半。
"
今年见过最搞笑的评论,60,134562,立志成为一个原神高手,07-25 23:23,"
https://i1.hoopchina.com.cn/6df8e7502449804190ca8a84c592339d_w_1280_h_2772_.jpg?imageMogr2/format/webp/auto-orient?x-oss-process=image/resize,w_800/format,webp
https://i1.hoopchina.com.cn/eeae61f29105588e510274e91b8eaa90_w_1280_h_2772_.jpg?imageMogr2/format/webp/auto-orient?x-oss-process=image/resize,w_800/format,webp
https://i1.hoopchina.com.cn/6df8e7502449804190ca8a84c592339d_w_1280_h_2772_.jpg?imageMogr2/format/webp/auto-orient?x-oss-process=image/resize,w_800/format,webp
https://i1.hoopchina.com.cn/eeae61f29105588e510274e91b8eaa90_w_1280_h_2772_.jpg?imageMogr2/format/webp/auto-orient?x-oss-process=image/resize,w_800/format,webp"
蟹老板超短记录,38680,3423674,real蟹老板,07-25 23:21,"无聊自己开个贴。装逼用。
"
长鑫科技周一敢无脑追进去嘛？,41,34127,减肥真难呀,07-25 23:18,"作为国产唯一全流程 IDM（设计 + 制造 + 封测）DRAM 大厂，垄断国内 DRAM 产能长期看的话，市值得3万亿以上了吧，按照现在预估的净利润，2026 上半年预告：净利500–570 亿，全年1000 亿 +几乎无悬念，给个30倍pe，股价就得45左右，要是冲到5万亿，那股价就要干到75左右了？
"
帮忙选个错杀股,5,890,坐上来,07-25 23:16,"我觉得经过两周的下杀，肯定有一些错杀的，现在就是要找到错杀的，要好好选一选。有什么好的思路吗？我的想法是：1.上半年暴涨过的，不管是不是有错杀的可能，我都不进了。2.很多股都已经到原来3000点的价位了，然后本月下杀了30%，肯定有错杀，就从这里面挑。3.挑好的行业，行业积极向上的，我想到一个AI眼镜这个方向。帮忙看看啊，有什么好的选项，推荐一下。
"
我对象炒股亏了五十万，我凉拌。,199,66901,士子颖,07-25 23:14,"各位兄弟，求求了，我对象背着我偷偷炒股 亏了50个，我要狠心一点离开了。更新：50个只是欠的贷款，总的亏损还要算上投进去的存款有接近20个（反正没给我说实话，我估算的，真实数目只会比这多）还完钱了，已分。
"
兄弟们，再见了。,206,195554,安東尼戴维斯,07-25 23:09,"放心，是退市不是做空小区。最近几个月一直在KTV和ICU来回切换，人已经麻木，对生活中所有的事都提不起兴趣。最近几天连我儿子都问我为什么整天不高兴。我不知道该对他说什么。总战绩是亏了23个，也还行吧，当玩了两年网游。如果不是上个月月底减仓100万，我都不敢想天天满仓的我现在还剩几个子。熟悉我的兄弟都知道，去年我93万亏到36万只字未提认输。因为当时有对牛市的信仰，有对暴富的期望。但是经过年初的航天牛和这几个月的科技牛之后，我对自己的水平有了更清晰的认知，这两段不同风格的行情可以说都是几年难得一遇的，这样我都赚不到钱，剩下我所能期待的，只能是924那种行情了，而924，只能划归有生之年系列，太过虚无。也许有兄弟会说我割在了底部，马上要反弹了。而我的看法是，既然水平只有这么高，亏损的终局已经注定，在自己可以一笑而过的时候离开，于我未尝不是明智的选择。最后，祝诸兄买即大涨，持仓长红，进退从容，得偿所愿！股市江湖，就此别过。
https://i3.hoopchina.com.cn/266ad36027705bc017f8d3e59f97776c_w_1260_h_2800_.jpg?imageMogr2/format/webp/auto-orient?x-oss-process=image/resize,w_800/format,webp
https://i3.hoopchina.com.cn/266ad36027705bc017f8d3e59f97776c_w_1260_h_2800_.jpg?imageMogr2/format/webp/auto-orient?x-oss-process=image/resize,w_800/format,webp"
7月25日 独钓,1,714,作手飞哥,07-25 23:08,"千山鸟飞绝，万径人踪灭。孤舟蓑笠翁，独钓寒江雪。寒潭孤钓虽寂寞，国坐鱼塘是悠闲。同是渔泽而烹食，滋味或许不等闲。
https://i5.hoopchina.com.cn/A1A2328780B1F23407143BDB72D3E193_w_2848_h_1600_.png?x-oss-process=image/resize,w_800/format,webp
https://i1.hoopchina.com.cn/1E02F115CB05B1333E2CF7B416EC3910_w_1290_h_1634_.jpg?x-oss-process=image/resize,w_800/format,webp
https://i5.hoopchina.com.cn/0CA85E9AFB022888AF3F9103239BE7DF_w_1269_h_1578_.jpg?x-oss-process=image/resize,w_800/format,webp
https://i5.hoopchina.com.cn/A1A2328780B1F23407143BDB72D3E193_w_2848_h_1600_.png?x-oss-process=image/resize,w_800/format,webp
https://i1.hoopchina.com.cn/1E02F115CB05B1333E2CF7B416EC3910_w_1290_h_1634_.jpg?x-oss-process=image/resize,w_800/format,webp
https://i5.hoopchina.com.cn/0CA85E9AFB022888AF3F9103239BE7DF_w_1269_h_1578_.jpg?x-oss-process=image/resize,w_800/format,webp"
继续埋伏一个长线。8月底再看！,5,2138,苏州股行僧,07-25 22:55,"
"
哎，股票亏损太大怎么办，已经没办法正常生活,25,6022,又黑科比,07-25 22:51,"
"
求各位大佬指点？？？,12,2939,用户1630624163,07-25 22:51,"
"
有没有重仓白酒的老登，进来聊聊！,66,6971,老鹰9,07-25 22:49,"
"
科技这周跑路的大资金未来全去长鑫报团，长鑫能涨到100吗？,20,24039,三足鸟,07-25 22:48,"
"
狐尔摩斯看盘0724：极致缩量，半导体设备上仓位,20,6301,狐尔摩斯看盘2号,07-25 22:45,"
"
一个新手小白正在学习中的复盘,2,426,夜色依然在,07-25 22:31,"
"
大A是全球最好的市场，90w在股票区支付的第一天,26,3859,对不起这场比赛我要赢,07-25 22:29,"
"
周一直接抄底,7,3306,开开心心逛互联网2,07-25 22:25,"
"
为什么很多男的到了中年突然开始炒股？,19,20001,虎扑JR1639324503,07-25 22:22,"
"
有做期货的朋友吗，一起讨论一下,2,215,天上白云鲸,07-25 22:18,"
"
7月24日盘后：恐慌砸盘后，静待长鑫时,8,2215,寻找午夜太阳,07-25 22:16,"
"
不断重复的历史和人性,53,81592,mr.keating,07-25 22:15,"
"
半导体最新动态,1,922,戴戴戴尔库里,07-25 22:06,"
"
早上选择太多了眼花缭乱,58,15995,海边的宁静,07-25 21:51,"
"
7.24复盘富创精密深科技东方锆业有研新材恒瑞医药通富微电盘后复习。,5,1748,Linerz,07-25 21:32,"
"
携程垄断挨罚，周一旅游板块彻底分家,1,882,七哥股市看戏2,07-25 21:06,"
"
