symbol,name,current,chg
SZ300968,格林精密,10.24,1.71
SZ301176,逸豪新材,58.2,9.7
SZ300805,电声股份,8.83,1.47
SH688166,博瑞医药,42.5,7.06
SZ300591,万里马,7.3,1.16
SZ301257,普蕊斯,61.0,7.5
SZ300426,华智数媒,6.05,0.74
SZ300638,广和通,20.68,2.5
SZ301520,万邦医药,66.65,7.86
SH688775,影石创新,147.3,16.97
SH688619,罗普特,14.83,1.6
SH688255,凯尔达,26.82,2.87
SZ300622,博士眼镜,15.2,1.57
SZ300231,银信科技,10.06,0.98
SZ300255,常山药业,31.7,3.0
SZ301139,*ST元道,3.03,0.28
SZ300587,天铁科技,3.91,0.36
SZ000566,海南海药,5.67,0.52
SZ000676,智度股份,6.22,0.57
SH688314,康拓医疗,37.0,3.39
SH600491,ST龙元,1.42,0.13
SZ002632,道明光学,9.63,0.88
SZ002775,文科股份,3.5,0.32
SZ002731,*ST萃华,2.3,0.21
SH600785,新华百货,9.32,0.85
SH603567,珍宝岛,5.48,0.5
SZ002045,国光电器,8.34,0.76
SZ000920,沃顿科技,14.15,1.29
SH603108,润达医疗,10.31,0.94
SZ002173,创新医疗,17.44,1.59
symbol,name,current,chg
SH603716,塞力医疗,16.12,1.47
SH600664,哈药股份,4.94,0.45
SZ002739,儒意电影,10.32,0.94
SZ002365,永安药业,13.18,1.2
SZ000014,沙河股份,10.0,0.91
SZ000829,天音控股,9.12,0.83
SH603327,福蓉科技,8.57,0.78
SH603407,长裕集团,65.64,5.97
SZ001230,劲旅环境,19.46,1.77
SH600436,片仔癀,141.15,12.83
SZ000677,ST海龙,1.98,0.18
SH600602,云赛智联,18.26,1.66
SH603496,恒为科技,25.08,2.28
SZ002350,北京科锐,16.06,1.46
SZ002881,美格智能,39.05,3.55
SZ000504,南华生物,9.36,0.85
SH603580,艾艾精工,40.84,3.71
SZ001365,天海电子,43.25,3.93
SH601595,上海电影,18.16,1.65
SH603178,圣龙股份,15.74,1.43
SH688302,海创药业-U,43.43,3.94
SZ002829,星网宇达,18.84,1.71
SZ002760,凤形股份,17.97,1.63
SH600203,福日电子,11.92,1.08
SH600611,大众交通,4.09,0.37
SZ000892,欢瑞世纪,3.87,0.35
SZ001258,立新能源,7.52,0.68
SH600162,香江控股,2.78,0.25
SZ000639,ST西王,1.67,0.15
SZ002127,南极电商,3.23,0.29
symbol,name,current,chg
SZ002726,ST龙大,2.01,0.18
SZ002788,鹭燕医药,12.3,1.1
SH600187,*ST国中,1.57,0.14
SH600721,百花医药,8.31,0.74
SH688208,道通科技,27.18,2.41
SH688399,硕世生物,36.71,3.24
SZ300251,光线传媒,13.57,1.18
SH601199,江南水务,6.21,0.54
SZ300753,爱朋医疗,21.42,1.82
SZ300227,光韵达,9.94,0.83
SH688678,福立旺,21.87,1.77
SZ000938,紫光股份,38.59,3.06
SH600246,万通发展,19.48,1.5
SZ002900,哈三联,12.11,0.92
SH688353,华盛锂电,91.11,6.79
SH603228,景旺电子,70.79,5.21
SH603959,ST百利,4.62,0.34
SH688796,百奥赛图,142.37,10.44
SZ300430,*ST益通,5.13,0.37
SH600882,妙可蓝多,22.11,1.59
SZ001395,亚联机械,32.43,2.33
SZ002100,天康生物,7.19,0.51
SH688101,三达膜,18.65,1.32
SH603459,红板科技,91.45,6.4
SZ002432,九安医疗,72.0,5.01
SH603725,天安新材,14.08,0.97
SZ300716,*ST泉为,18.07,1.23
SZ301448,开创电气,42.9,2.91
SZ002083,孚日股份,10.38,0.7
SZ300534,陇神戎发,11.58,0.78
symbol,name,current,chg
SZ002115,三维通信,11.18,0.75
SZ300497,富祥股份,18.99,1.26
SZ301153,中科江南,17.24,1.14
SZ002294,信立泰,41.37,2.72
SZ000679,大连友谊,6.26,0.41
SH603950,长源东谷,67.52,4.39
SZ002309,中利集团,2.93,0.19
SZ300911,亿田智能,21.67,1.4
SZ301602,超研股份,15.46,0.99
SZ002653,海思科,79.19,5.06
SH603949,雪龙集团,14.7,0.94
SZ003010,若羽臣,26.23,1.67
SH603823,百合花,69.66,4.42
SZ002649,博彦科技,8.84,0.56
SZ300149,睿智医药,11.09,0.7
SZ301367,瑞迈特,49.14,3.09
SH600085,同仁堂,26.93,1.68
SZ301075,多瑞医药,64.16,3.96
SZ301030,*ST仕净,8.27,0.51
SH688036,传音控股,65.43,4.03
SZ300496,中科创达,57.33,3.52
SZ300291,百纳千成,5.09,0.31
SZ002261,拓维信息,29.95,1.82
SZ003001,中岩大地,17.78,1.08
SZ301199,迈赫股份,20.12,1.22
SZ300143,盈康生命,7.7,0.46
SZ001221,悍高集团,39.53,2.35
SH603300,海南华铁,4.72,0.28
SH600846,同济科技,11.96,0.71
SZ300237,ST美晨,2.03,0.12
symbol,name,current,chg
SZ301230,泓博医药,34.33,1.97
SZ002343,慈文传媒,4.97,0.28
SH688702,盛科通信-U,373.5,21.0
SZ301578,辰奕智能,21.77,1.22
SZ301004,嘉益股份,33.87,1.89
SZ002166,莱茵生物,7.37,0.41
SZ300528,幸福蓝海,17.99,1.0
SZ000010,*ST美丽,1.81,0.1
SH600518,康美药业,1.45,0.08
SH600749,西藏旅游,14.66,0.8
SZ300663,科蓝软件,6.8,0.37
SZ000560,我爱我家,2.21,0.12
SZ002315,焦点科技,25.1,1.36
SZ301239,普瑞眼科,34.05,1.84
SH603081,大丰实业,9.13,0.49
SH688798,艾为电子,67.04,3.59
SH688606,奥泰生物,46.85,2.5
SZ300493,润欣科技,13.15,0.7
SZ300039,上海凯宝,5.65,0.3
SH603118,共进股份,13.59,0.72
SH603893,瑞芯微,222.24,11.74
SZ002998,优彩资源,7.77,0.41
SZ300588,熙菱信息,23.06,1.21
SH603881,数据港,25.38,1.33
SZ002217,ST合力泰,1.53,0.08
SH603991,领先股份,156.43,8.17
SH600490,鹏欣资源,6.2,0.32
SZ300204,舒泰神,27.68,1.42
SZ000661,长春高新,75.94,3.89
SH688765,禾元生物-U,55.0,2.82
symbol,name,current,chg
SZ301589,诺瓦星云,143.0,7.31
SH600562,国睿科技,22.29,1.14
SZ002547,*ST春兴,2.36,0.12
SZ002141,贤丰控股,5.91,0.3
SZ002847,盐津铺子,50.35,2.55
SZ002431,ST棕榈,1.39,0.07
SZ300404,博济医药,10.79,0.54
SZ002252,上海莱士,5.19,0.26
SZ301293,三博脑科,52.36,2.61
SZ003032,传智教育,5.65,0.28
SZ300310,宜通世纪,4.24,0.21
SH603103,横店影视,14.94,0.74
SH603127,昭衍新药,53.25,2.63
SH605155,西大门,12.97,0.64
SH600829,人民同泰,10.4,0.51
SH603833,欧派家居,33.8,1.66
SZ002980,华盛昌,107.37,5.23
SZ002717,*ST岭南,1.03,0.05
SH603519,立霸股份,15.29,0.74
SZ301383,天键股份,22.37,1.08
SZ002244,滨江集团,8.7,0.42
SH600199,金种子酒,7.29,0.35
SZ301059,金三江,12.5,0.6
SH688121,*ST卓然,2.93,0.14
SZ002802,洪汇新材,11.13,0.53
SH688358,祥生医疗,31.58,1.5
SZ300788,中信出版,24.67,1.17
SH605050,福然德,10.77,0.51
SZ301102,兆讯传媒,9.53,0.45
SH600539,狮头股份,17.23,0.81
symbol,name,current,chg
SZ002148,北纬科技,6.28,0.29
SH603236,移远通信,53.18,2.45
SZ301486,致尚科技,187.54,8.55
SH603533,掌阅科技,19.5,0.89
SZ002209,达意隆,10.77,0.49
SZ000722,湖南发展,12.57,0.57
SZ300357,我武生物,25.79,1.17
SZ300888,稳健医疗,30.7,1.39
SZ002019,亿帆医药,10.95,0.49
SH603686,福龙马,12.98,0.58
SZ000997,新大陆,16.6,0.74
SZ002043,兔宝宝,11.92,0.53
SZ301335,天元宠物,21.17,0.94
SH603486,科沃斯,55.66,2.46
SZ300254,仟源医药,9.29,0.41
SH603395,红四方,22.17,0.98
SZ300418,昆仑万维,48.24,2.13
SZ301061,匠心家居,35.37,1.56
SH605507,国邦医药,16.41,0.72
SZ000034,神州数码,26.93,1.18
SH603566,普莱柯,11.01,0.48
SZ002905,金逸影视,7.79,0.34
SH603215,比依股份,14.76,0.64
SH600422,昆药集团,9.24,0.4
SZ002840,华统股份,8.11,0.35
SZ300163,先锋新材,5.81,0.25
SZ300112,万讯自控,6.51,0.28
SH601718,ST际华,1.87,0.08
SZ301258,富士莱,26.08,1.11
SZ300878,维康药业,35.98,1.53
symbol,name,current,chg
SH603151,邦基科技,12.24,0.52
SZ301666,大普微-UW,537.88,22.88
SZ002686,亿利达,5.64,0.24
SZ300683,海特生物,30.8,1.3
SH600415,小商品城,10.89,0.46
SZ002698,博实股份,12.83,0.54
SH688593,新相微,30.89,1.3
SH600521,华海药业,17.63,0.74
SZ002044,美年健康,4.77,0.2
SZ301267,华厦眼科,16.91,0.71
SZ002864,盘龙药业,31.99,1.34
SZ300058,蓝色光标,13.23,0.55
SZ300498,温氏股份,14.22,0.59
SZ300993,玉马科技,9.91,0.41
SZ001330,博纳影业,5.09,0.21
SZ300289,利德曼,5.9,0.24
SZ301078,孩子王,7.16,0.29
SZ301680,固德电材,94.04,3.81
SH600535,天士力,15.93,0.64
SH600299,安迪苏,8.22,0.33
SZ300771,智莱科技,10.97,0.44
SZ300822,贝仕达克,11.81,0.47
SZ002052,同洲电子,8.33,0.33
SH600650,锦江在线,10.39,0.41
SZ301600,慧翰股份,82.99,3.28
SZ002771,真视通,12.23,0.48
SZ301606,绿联科技,61.1,2.4
SZ002919,名臣健康,19.18,0.75
SZ300795,米奥会展,8.73,0.34
SZ300347,泰格医药,53.99,2.09
symbol,name,current,chg
SZ002466,天齐锂业,49.34,1.91
SH601038,一拖股份,12.22,0.47
SH688266,泽璟制药-U,138.01,5.28
SH688626,翔宇医疗,47.1,1.8
SH603630,拉芳家化,14.71,0.56
SZ002219,新里程,2.1,0.08
SZ003013,地铁设计,16.79,0.64
SZ002703,浙江世宝,13.16,0.5
SZ001322,箭牌家居,6.37,0.24
SZ301263,泰恩康,21.72,0.82
SZ301221,光庭信息,27.89,1.05
SH603341,龙旗科技,41.49,1.56
SZ000030,富奥股份,4.26,0.16
SH603122,合富中国,11.45,0.43
SH603320,迪贝电气,17.11,0.64
SZ301331,恩威医药,22.77,0.85
SZ300917,特发服务,24.69,0.92
SH688075,安旭生物,30.59,1.14
SZ300122,智飞生物,12.96,0.48
SZ300859,西域旅游,26.55,0.98
SZ000721,西安饮食,5.97,0.22
SZ301177,迪阿股份,22.25,0.81
SH688071,华依科技,32.7,1.19
SH688085,三友医疗,13.54,0.49
SZ002747,埃斯顿,42.43,1.53
SZ000011,深物业A,6.68,0.24
SH603198,迎驾贡酒,35.08,1.26
SH689009,九号公司-WD,41.05,1.47
SZ300210,森远股份,8.68,0.31
SZ003005,竞业达,12.9,0.46
symbol,name,current,chg
SZ002940,昂利康,30.01,1.07
SZ300529,健帆生物,17.7,0.63
SZ301382,蜂助手,36.27,1.29
SH600880,博瑞传播,3.94,0.14
SZ301291,明阳电气,36.61,1.3
SH600818,ST中路,5.91,0.21
SH688236,春立医疗,15.88,0.56
SZ000786,北新建材,18.4,0.65
SH600988,赤峰黄金,34.62,1.22
SZ000695,滨海能源,12.22,0.43
SH605179,一鸣食品,13.97,0.49
SZ300413,芒果超媒,15.65,0.55
SH603707,健友股份,8.28,0.29
SZ002920,德赛西威,85.93,3.01
SZ300536,农尚环境,8.6,0.3
SZ002396,星网锐捷,28.51,0.99
SH603896,寿仙谷,15.6,0.54
SH600119,*ST长投,4.63,0.16
SZ000403,派林生物,10.12,0.35
SZ001328,登康口腔,28.66,0.99
SH603918,金桥信息,9.86,0.34
SH688621,阳光诺和,60.07,2.07
SH603377,ST东时,2.9,0.1
SH600706,曲江文旅,7.27,0.25
SZ000850,华茂股份,4.08,0.14
SH600774,汉商集团,7.03,0.24
SH600661,昂立教育,7.93,0.27
SZ002354,天娱数科,7.96,0.27
SZ002640,跨境通,3.25,0.11
SZ300086,康芝药业,6.81,0.23
