contestant,member,score_abs,score_rel,award
Hengxi Liu,China,591.23,98.54%,Gold
Mingyu Woo,Republic of Korea,574.78,95.80%,Gold
Sizhe Fan,China,552.34,92.06%,Gold
Rare?-Andrei Neculau,Romania,545.67,90.94%,Gold
Xinyang Chen,China,534.42,89.07%,Gold
Rain Jiang,United States of America,526.41,87.73%,Gold
Ryan Bai,Canada,523.62,87.27%,Gold
Haifeng Liu,China,511.82,85.30%,Gold
Petr Losev,,502.78,83.80%,Gold
Vesselin Markovich,Bulgaria,491.65,81.94%,Gold
Brian Xiao Boyang,Singapore,483.5,80.58%,Gold
Thanh Le Kien,Vietnam,481.87,80.31%,Gold
Rare?-Felix Tudose,Romania,479.4,79.90%,Gold
Mihai-Valeriu Voicu,Romania,467.87,77.98%,Gold
Istv¨¢n ¨¢d¨¢m Moln¨¢r,Hungary,467.65,77.94%,Gold
Youchan Lee,Republic of Korea,466.77,77.80%,Gold
Amirali Asgari,Iran,463.6,77.27%,Gold
Tam¨¢s G?r?mbey,Hungary,459.67,76.61%,Gold
Min-chan Jung,Republic of Korea,458.77,76.46%,Gold
Sun Beichen,Singapore,454.79,75.80%,Gold
Aleksandar Gatev,Bulgaria,451.28,75.21%,Gold
Katsuki Ota,Japan,450.24,75.04%,Gold
Micha? Wolny,Poland,449.21,74.87%,Gold
Jaewoo Byun,Republic of Korea,448.7,74.78%,Gold
Vladislav Zhiganov,,447.86,74.64%,Gold
Mircea Maxim Rebengiuc,Romania,445.19,74.20%,Gold
Isaac Kai Sheng Hew,Malaysia,440.8,73.47%,Gold
Heng Liao,Taiwan,438.3,73.05%,Gold
Maxim Tsoy,Kazakhstan,436.72,72.79%,Silver
Mina Gayed,Egypt,427.74,71.29%,Silver
Gimran Abdullin,,426.58,71.10%,Silver
Daria Grekova,,421.21,70.20%,Silver
Koudai Sakayama,Japan,418.5,69.75%,Silver
Dino Had?i?,Croatia,417.18,69.53%,Silver
Andrey Stefanov,Bulgaria,415.91,69.32%,Silver
Mani Zare,Iran,414.81,69.14%,Silver
Matthew Shi Xuan Lin,Australia,411.65,68.61%,Silver
Kelven Nathanael,Indonesia,410.45,68.41%,Silver
Yuya Hirasawa,Japan,410.15,68.36%,Silver
Nathan Zhou,Australia,407.58,67.93%,Silver
Petar Banovi?,Serbia,402.25,67.04%,Silver
Boris Mihov,Bulgaria,401.17,66.86%,Silver
Franciszek Szymula,Poland,400.82,66.80%,Silver
Andrej ?evera,Switzerland,397.76,66.29%,Silver
Hamed Ghaffariaghdas,Iran,397.32,66.22%,Silver
Tzu-Chiao Yen,Taiwan,395.48,65.91%,Silver
Wei Bin Ang,Singapore,394.59,65.77%,Silver
Wei Wei,Taiwan,391.82,65.30%,Silver
Mert K?ksal,T¨¹rkiye,390.62,65.10%,Silver
Warren Bei,Canada,388.45,64.74%,Silver
Ahmed Osman,Egypt,385.27,64.21%,Silver
Piotr Stasiukevich,,385.12,64.19%,Silver
Jerzy Olkowski,Poland,383.68,63.95%,Silver
Hau Dang Huy,Vietnam,381.77,63.63%,Silver
Damjan Davkov,North Macedonia,380.77,63.46%,Silver
Yamato Matsuba,Japan,380.29,63.38%,Silver
Debojoti Das Soumya,Bangladesh,378.88,63.15%,Silver
Asilbek Sunnatov,Uzbekistan,378.82,63.14%,Silver
Mikhail Brel,,377.15,62.86%,Silver
Chenyu Lin,Netherlands,375.4,62.57%,Silver
Leonid Cuklev,North Macedonia,366.7,61.12%,Silver
Hanks Chong,United Kingdom,365.27,60.88%,Silver
David Lago Alonso,Spain,365.25,60.88%,Silver
Pedro Suyama Leston Rey,Brazil,363.43,60.57%,Silver
Isane Sekiguchi,United Kingdom,362.29,60.38%,Silver
Valerii Kovnatskyi,Ukraine,361.89,60.31%,Silver
Mansur Mamadakhunov,Kazakhstan,360.79,60.13%,Silver
Bing-Dong Liu,United States of America,354.69,59.12%,Silver
Jing Hong Siew,Singapore,353.6,58.93%,Silver
Aykhan Damirli,Azerbaijan,353,58.83%,Silver
Alin Popescu,Moldova,352.76,58.79%,Silver
Akezhan Askar,Kazakhstan,352.49,58.75%,Silver
Yi Fung Lu,"Hong Kong, China",352,58.67%,Silver
Pedro Assun??o,Brazil,349.29,58.22%,Silver
Rapha?l Pons,France,347.86,57.98%,Silver
Lovro Tunji?,Croatia,347.85,57.98%,Silver
Samik Goyal,India,347.4,57.90%,Silver
Sean Wanitchollakit,Thailand,347.34,57.89%,Silver
Dung Nguyen Bui Duc,Vietnam,344.44,57.41%,Silver
Luca Baglietto,Italy,343.88,57.31%,Silver
Brian Xue,United States of America,341,56.83%,Silver
Lok Yin Siu,"Hong Kong, China",340.96,56.83%,Silver
Nicola Dindo,Italy,338.01,56.34%,Silver
Dauzhan Beketov,Kazakhstan,336.95,56.16%,Bronze
Tymon Mieszkowski,New Zealand,335.49,55.91%,Bronze
Alihan Aidarbekov,Kyrgyzstan,331.74,55.29%,Bronze
Tarek Zaki,Canada,331.18,55.20%,Bronze
Kiryl Kardash,,330.74,55.12%,Bronze
Thang Ninh Quang,Vietnam,330.71,55.12%,Bronze
Hanif Achdan Pietoyo,Indonesia,329.42,54.90%,Bronze
Ron Xue,Australia,327.36,54.56%,Bronze
Artur Smole¨½ski,Poland,327.29,54.55%,Bronze
Ting Wai Lo,"Hong Kong, China",326.21,54.37%,Bronze
Aatu Kajasto,Finland,326.15,54.36%,Bronze
Bal¨¢zs Szil¨¢gyi,Hungary,324.4,54.07%,Bronze
Uro? Kostadinovi?,Serbia,324.06,54.01%,Bronze
Yahor Savitski,,322.9,53.82%,Bronze
Araya Luanseng,Thailand,321.93,53.66%,Bronze
Stefan ?ebez,Serbia,320.58,53.43%,Bronze
Hasan Valiyev,Azerbaijan,319.02,53.17%,Bronze
Irmuun Chinbat,Mongolia,318.71,53.12%,Bronze
Adavya Goyal,United Kingdom,318.29,53.05%,Bronze
Victor Coen,New Zealand,317.73,52.95%,Bronze
Matej Bachni?ek,Slovakia,315.5,52.58%,Bronze
Jovian Soejono,Switzerland,314.83,52.47%,Bronze
Yuichiro Furuse,Malaysia,313.97,52.33%,Bronze
Muhammad Aneeq,Pakistan,313.29,52.22%,Bronze
Thawin Tengamnuay,Thailand,313.18,52.20%,Bronze
Salih ?ahin,T¨¹rkiye,313,52.17%,Bronze
Martin Khachatryan,Armenia,311.75,51.96%,Bronze
Ulug'bek Rakhmatullaev,Uzbekistan,308.12,51.35%,Bronze
Alex Chen,United States of America,307.86,51.31%,Bronze
Aufan Ahmad Mumtaza,Indonesia,307.32,51.22%,Bronze
Maria Clara Fontes Silva,Brazil,307.19,51.20%,Bronze
Patrik Pr¨ªtrsky,Slovakia,303.19,50.53%,Bronze
Kiarash Rezaei,Iran,302.67,50.45%,Bronze
P¨¢l Czanik,Hungary,301.11,50.19%,Bronze
Illia Shevchenko,Ukraine,300,50.00%,Bronze
Justin Goh,Australia,299.97,49.99%,Bronze
Alex Lin,Canada,297.45,49.58%,Bronze
Bianca Vicente,Argentina,294.09,49.02%,Bronze
Papangkorn Apinyanon,Thailand,291.53,48.59%,Bronze
Aleks Grigoryan,Armenia,291.1,48.52%,Bronze
Wali E Zaman,Bangladesh,290.79,48.47%,Bronze
Tsz Chai Berton Choy,"Hong Kong, China",290.65,48.44%,Bronze
Maksym Shvedchenko,Germany,290.33,48.39%,Bronze
Stepan Simak,Ukraine,290.29,48.38%,Bronze
Yan Xun Khor,Malaysia,290.02,48.34%,Bronze
Vladyslav Levchenko,Sweden,289.89,48.31%,Bronze
No¨¦ Zech,Belgium,289.1,48.18%,Bronze
Fran ?karica,Croatia,287.38,47.90%,Bronze
Jerome Austin Te,Philippines,287.06,47.84%,Bronze
Quentin Cottignies,France,285.05,47.51%,Bronze
Sa¨²l Ernesto Noguera Estrada,Mexico,283,47.17%,Bronze
Pok Hong Lam,"Macao, China",281.25,46.88%,Bronze
Chang Jun Lim,Malaysia,280,46.67%,Bronze
Ghulam Junaid,Pakistan,279.68,46.61%,Bronze
David Hrom¨¢dka,Czech Republic,278.79,46.47%,Bronze
Arash Jafarian,Austria,278.71,46.45%,Bronze
Archit Manas,India,277.02,46.17%,Bronze
Mariza Paspalli,Cyprus,275.6,45.93%,Bronze
Muhammad Saram,Pakistan,274.06,45.68%,Bronze
Abdullahan Abdirasulov,Kyrgyzstan,270.53,45.09%,Bronze
Theofanis Orfanou,Cyprus,270.2,45.03%,Bronze
Daria Perekopska,Ukraine,269.29,44.88%,Bronze
Naveen Kulkarni,India,267.76,44.63%,Bronze
Santiago Guaneme Quintero,Colombia,264.65,44.11%,Bronze
Sokratis Iliadis,Greece,264.38,44.06%,Bronze
Noyan Cant¨¹rk,T¨¹rkiye,264.29,44.05%,Bronze
Ahmed Imran Malik,Pakistan,264,44.00%,Bronze
Nathan Allan,Indonesia,263.1,43.85%,Bronze
Saba Peradze,Georgia,260.38,43.40%,Bronze
Ricardo Batanero Moranchel,Spain,259.15,43.19%,Bronze
Faustas Surplys,Lithuania,258.24,43.04%,Bronze
Erik Je?ek,Czech Republic,255.78,42.63%,Bronze
Marco Antonio Escand¨®n Garc¨ªa,Cuba,255.76,42.63%,Bronze
Santiago de la Torre Zamudio,Mexico,255.55,42.59%,Bronze
Spyridon Alivizatos,Greece,255.5,42.58%,Bronze
Elvin Imanli,Azerbaijan,255.44,42.57%,Bronze
Tsovak Yegoryan,Armenia,254.97,42.49%,Bronze
Yuhua Su,Switzerland,254.73,42.45%,Bronze
Tigran Matsakyan,Armenia,254.29,42.38%,Bronze
Youkyum Kim,South Africa,254.09,42.35%,Bronze
Kristjan Lepp,Estonia,253.39,42.23%,Bronze
Mohammed Alasmari,Saudi Arabia,252,42.00%,Bronze
Caique Paiva,Brazil,251.64,41.94%,Honourable Mention
Edgars Andersons,Latvia,251.6,41.93%,Honourable Mention
Linus VandeVondele,Switzerland,250.35,41.73%,Honourable Mention
Piotr Stelmaszek,Ireland,250.29,41.72%,Honourable Mention
Erik Adebahr,Sweden,249,41.50%,Honourable Mention
Richard Dudek,Slovakia,246.44,41.07%,Honourable Mention
Ali Aliyev,Azerbaijan,245.71,40.95%,Honourable Mention
Yash Thakker,India,245.48,40.91%,Honourable Mention
Marijonas Salvijus Keturakis,Lithuania,242,40.33%,Honourable Mention
Matteo Arcari,Italy,241.87,40.31%,Honourable Mention
Vladimeri Prangishvili,Georgia,240.7,40.12%,Honourable Mention
Emad Alharbi,Saudi Arabia,239.29,39.88%,Honourable Mention
In¨¨s Fischler,France,239.18,39.86%,Honourable Mention
Ali Arapov,Kyrgyzstan,237.75,39.62%,Honourable Mention
Boas Bakker,Netherlands,237.24,39.54%,Honourable Mention
Nikoloz Melikishvili,Georgia,235.29,39.22%,Honourable Mention
Vid Furlan,Slovenia,235.18,39.20%,Honourable Mention
Kseniia Strelbytska,United Kingdom,234.75,39.12%,Honourable Mention
Pascal Atzler,Germany,233.29,38.88%,Honourable Mention
Julian Hessenberger,Austria,233,38.83%,Honourable Mention
Mait¨¦ Morales Carreras,Cuba,232.29,38.72%,Honourable Mention
Gabee De Vera,Philippines,231.1,38.52%,Honourable Mention
Sultan Alaiban,Saudi Arabia,229.87,38.31%,Honourable Mention
Lazaros Karageorgiou,Greece,229.3,38.22%,Honourable Mention
Zakaria Abisourour,Morocco,228,38.00%,Honourable Mention
Faruk Ibrahimovi?,Bosnia and Herzegovina,227.29,37.88%,Honourable Mention
Andrii Basov,Spain,226.89,37.81%,Honourable Mention
Cristhian Ernesto Lugo Dorta,Cuba,226.31,37.72%,Honourable Mention
Viktor Maksimoski,North Macedonia,224.59,37.43%,Honourable Mention
Joaquim Schaeverbeke,Belgium,223.42,37.24%,Honourable Mention
Svatava ?ime?kov¨¢,Czech Republic,223.18,37.20%,Honourable Mention
Viliam Gottweis,Slovakia,222.29,37.05%,Honourable Mention
Timur Kadirbergenov,Uzbekistan,222,37.00%,Honourable Mention
Ukyo Nguyen,France,221.38,36.90%,
Andrej Kr?mar,Bosnia and Herzegovina,216.72,36.12%,
Antero Nyberg,Finland,212,35.33%,
Anastasiia Saranchina,Sweden,211.92,35.32%,
Sofija ?eba?ek,Serbia,210,35.00%,
Jos¨¦ Andr¨¦s Lemus Velazquez,Mexico,209.35,34.89%,Honourable Mention
Tomas Rimkus,Lithuania,208.98,34.83%,
Boliang Liu,New Zealand,207.6,34.60%,
Lin Ming Ou Xu,Bolivia,207.29,34.55%,
Omar Elbayoumi,Egypt,205.52,34.25%,
Mousa Hamed,Libya,204.2,34.03%,
Hang Chi Ng,"Macao, China",204.17,34.03%,
Amarsanaa Gantumur,Mongolia,204,34.00%,
Nikola Vujica,Croatia,204,34.00%,
EdRonn James Panti,Philippines,203.59,33.93%,
Tom¨¢s Faria,Portugal,202.89,33.81%,Honourable Mention
Daniel Emeka-Ilozor,Nigeria,202.29,33.72%,
Davit Dzadzamia,Georgia,196.91,32.82%,
Benjamin Mujki?,Bosnia and Herzegovina,195.29,32.55%,
Selma H¨¹bner,Germany,193.98,32.33%,
Eul¨¤lia Gaya Bretones,Spain,192.53,32.09%,
Hossam Salem,Egypt,191.29,31.88%,
Jiahong Yu,New Zealand,191.09,31.85%,
Blagoj Rujanoski Stojanovski,North Macedonia,191,31.83%,Honourable Mention
Adomas Juodis,Lithuania,189.67,31.61%,
Eirik Stuksrud,Norway,189.03,31.50%,
Saad Alarifi,Saudi Arabia,187.29,31.21%,
Desh Acharjee,Bangladesh,185.29,30.88%,
Eva S¨®llilja Einarsd¨®ttir,Iceland,184.65,30.77%,
Daniel Holm Rasmussen,Denmark,184.47,30.75%,
Nico Schreuder,South Africa,183.39,30.57%,
Alban Van Vyve,Belgium,182.21,30.37%,
Shuheng Wei,Germany,181.29,30.21%,
Tuvshinbayar Mandakh,Mongolia,179.91,29.98%,
Antreas Knais,Cyprus,178.71,29.79%,
Andreas Konstantinou,Cyprus,178.17,29.70%,
Ivar Lee Fevang,Norway,177.3,29.55%,
Yassir Salama,Morocco,176.45,29.41%,
Ziyan Wang,"Macao, China",176,29.33%,
Georgios-Diomedes Varvaresos,Greece,175.6,29.27%,
Di¨¡na Stecka,Latvia,175,29.17%,
Marwen El Arbi,Tunisia,174.9,29.15%,
Ri?ards Jansons,Latvia,169,28.17%,
Sardor Salimov,Uzbekistan,168,28.00%,
Jan Sl¨ªva,Czech Republic,167.8,27.97%,
Sofie Fu,Sweden,164,27.33%,
Mihail Grecu,Austria,163,27.17%,
Chi Him Kuan,"Macao, China",162,27.00%,
Amine Aroua,Tunisia,160.71,26.79%,
Yhuan Ceabastian Garcia,Philippines,159.84,26.64%,
Ciprian Mihalcea,Moldova,158.08,26.35%,
Matias Francisco Nova Baza,Chile,157.75,26.29%,
Nicol¨¢s Faggi,Argentina,156.9,26.15%,
Andr¨¦ Tremetsberger,Austria,156,26.00%,
Santiago Trifir¨®,Argentina,154,25.67%,
Gunnsteinn T¨®r ¨®lason,Iceland,153.29,25.55%,
Kristinn Hrafn Dan¨ªelsson,Iceland,150.44,25.07%,
Hector Tenorio Rodriguez,Peru,149.76,24.96%,
Nicol¨¢s Aballay Fern¨¢ndez,Chile,149.22,24.87%,
Andrea Coato,Italy,147,24.50%,
Matias Jimenez Alcocer,Bolivia,147,24.50%,
Nicolas Bravo,Bolivia 2,146.29,24.38%,
David Eyal,South Africa,146.26,24.38%,
Lucas Kuunders,Netherlands,146.25,24.38%,
Xu Yian,South Africa,146,24.33%,
Alexei Baca,Moldova,143.76,23.96%,
Thomas De Bruyn,Belgium,143.43,23.91%,
Sebastian Hern¨¢ndez Guti¨¦rrez,Mexico,143,23.83%,
Rosangel Alexandra Bullon Linares,Peru,142,23.67%,
Miika Antila,Finland,137.08,22.85%,
Fernando Andre¨¦ Gonz¨¢lez Mel¨¦ndez,El Salvador,137,22.83%,
Gustav Bille G?rtz,Denmark,136,22.67%,
Gabriel Alberto Cruz Nogales,Bolivia,133.53,22.25%,
Sondre ?hrn,Norway,133,22.17%,
Luka Vladimirovs,Latvia,132.23,22.04%,
Faruk Demirovi?,Bosnia and Herzegovina,131,21.83%,
Dost Sefero?lu,T¨¹rkiye,130.65,21.77%,
Aleksandra Streltsova,Norway,129.29,21.55%,
Nestor Rafael Coronel Hurtado,Bolivia 2,128.29,21.38%,
Ion Zlotea,Moldova,128,21.33%,
Albara Abdulhafith,Libya,126,21.00%,
Mohammed Cherki,Morocco,124,20.67%,
Rain Martin Ohlau,Estonia,124,20.67%,
Agnes Tennisberg,Estonia,123.43,20.57%,
Erkhem Ganzorig,Mongolia,121,20.17%,
Redhouane Abdellah,Algeria,120.84,20.14%,
Karel Hofman,Netherlands,120,20.00%,
Alejandro Pineda Miranda,Peru,119,19.83%,
Gabriel Pagliaruzzi,Slovenia,118,19.67%,
Kian Abolghasemi,Algeria,115.6,19.27%,
Kasper Lindstr?m,Denmark,115,19.17%,
Abdelhakim Lamnaouar,Morocco,112,18.67%,
Baldwin Huang,Dominican Republic,110.87,18.48%,
Agustin Leonardo Arnez Alcocer,Bolivia,109,18.17%,
Mitja ?everkar,Slovenia,108.36,18.06%,
Adriana Ines Alcon Rosso,Bolivia 2,102.75,17.12%,
Camilo Cruz,Colombia,99,16.50%,
Omar Mouman,Luxembourg,99,16.50%,
Navid Tawsif,Bangladesh,97.99,16.33%,
Raphael Le Goaller,Luxembourg,96.24,16.04%,
Juan Aracayo Chuquija,Peru,96,16.00%,
Andr¨¦ Abreu,Portugal,95.9,15.98%,
Adrian Mai,Luxembourg,91.38,15.23%,
Camilo Castellanos,Colombia,91,15.17%,
Rasmus Joel Raidj?e,Estonia,88.83,14.80%,
Sebastian Enrique Somoza Portillo,El Salvador,84.05,14.01%,
Roberto Valverde Abad,Ecuador,82,13.67%,
Omar Abdelkafi Ykerlef,Algeria,80.57,13.43%,
Diogo Rosado,Portugal,79.47,13.24%,
Valentino Vega,Argentina,77,12.83%,
Weichen Huang,Ireland,75,12.50%,
Adriano Augusto Hern¨¢ndez Rodr¨ªguez,Dominican Republic,72.29,12.05%,
Cristopher Jes¨²s Constant¨ªn P¨¦rez,Cuba,72,12.00%,
Bor Vodovnik,Slovenia,71,11.83%,
Hallel Okpere Udo,Nigeria,70.29,11.71%,
Mykyta Telychko,Ireland,69.29,11.55%,
Thor Mortensen,Denmark,68.17,11.36%,
Cristian Santiago Soto Cardona,Bolivia 2,65.29,10.88%,
Mois¨¦s Suero Beltr¨¦,Dominican Republic,53,8.83%,
Martin Ernesto Avelar Ventura,El Salvador,51,8.50%,
Pedro Gon?alves,Portugal,44.29,7.38%,
Elyas Sahnoune,Algeria,42,7.00%,
Po-Ting Li,Taiwan,42,7.00%,
Mateo Neira,Ecuador,38,6.33%,
Happy David,Rwanda,32.76,5.46%,
Mael-Camilo Lefevre,Dominican Republic,29.38,4.90%,
Mathias Xavier Abad¨ªe Ord¨®?ez,Ecuador,25,4.17%,
Liam Cho,Luxembourg,12,2.00%,
Santiago Barajas,Colombia,12,2.00%,
Alexandra Didieye,Ghana,5,0.83%,
Nibert Bannerman,Ghana,3,0.50%,
Math¨ªas Rivera,Ecuador,1.83,0.30%,
Jesse Emelonye,Ghana,0.79,0.13%,
Jason Acha,Nigeria,0.34,0.06%,
Anaus Syed Muhammad,Ireland,0,0.00%,
Sterling Awuley,Ghana,0,0.00%,
