网站名字,域名,简介,排名,得分
百度,www.baidu.com,百度，全球大的中文搜索引擎、大的中文网站。2000年1月创立于北京中关村。,1,得分:4999
腾讯网,qq.com,腾讯网从2003年创立至今，已经成为集新闻信息，区域垂直生活服务、社会化媒体资讯和产品为一体的互联网媒体平台。腾讯网下设新闻、科技、财经、娱乐、体育、汽车、时尚等多个频道，充分满足用户对不同类型资讯的需求。同时专注不同领域内容，打造精品栏目，并顺应技术发展趋势，推出网络直播等创新形式，改变了用,2,得分:4950
搜狐,sohu.com,搜狐网为用户提供24小时不间断的x新闻资讯，及搜索、邮件等网络服务。内容包括全球热点事件、突发新闻、时事评论、热播影视剧、体育赛事、行业动态、生活服务信息，以及论坛、博客、微博、我的搜狐等互动空间。,3,得分:4949
网易,163.com,网易是中国领先的互联网技术公司，为用户提供免费邮箱、游戏、搜索引擎服务，开设新闻、娱乐、体育等30多个内容频道，及博客、视频、论坛等互动交流，网聚人的力量。,4,得分:4948
东方财富网,eastmoney.com,东方财富网，专业的互联网财经媒体，提供7*24小时财经资讯及全球金融市场报价，汇聚全方位的综合财经新闻和金融市场资讯，覆盖股票、财经、证券、金融、美股、港股、行情、基金、债券、期货、外汇、保险、信托、黄金、理财、商业、银行、博客、股吧、财迷、论坛等财经综合信息,5,得分:4948
搜狗,sogou.com,搜狗是搜狐公司的旗下子公司，于2004年8月3日推出，目的是增强搜狐网的搜索技能，主要经营搜狐公司的搜索业务。在搜索业务的同时，也推出搜狗输入法、免费邮箱、企业邮箱等业务。2010年8月9日搜狐与阿里巴巴宣布将分拆搜狗成立独立公司，引入战略投资，注资后的搜狗有望成为仅次于百度的中文搜索工具。,6,得分:4946
哔哩哔哩弹幕视频网,bilibili.com,bilibili是国内知名的视频弹幕网站，这里有及时的动漫新番，棒的acg氛围，有创意的up主。大家可以在这里找到许多欢乐。,7,得分:4943
好搜,so.com,好搜是奇虎360公司推出的独立搜索品牌，致力于为您提供更精准、更快捷、更安全的搜索服务。用好搜，特顺手。,8,得分:4940
豆瓣,douban.com,豆瓣提供图书、电影、音乐唱片的推荐、评论和价格比较，以及城市独特的文化生活。,9,得分:4937
新浪微博,weibo.com,微博是基于用户关系的社交媒体平台，用户可以通过PC、手机等多种移动终端接入，以文字、图片、视频等多媒体形式，实现信息的即时分享、传播互动 。,10,得分:4767
新浪网,sina.com.cn,新浪网为全球用户24小时提供全面及时的中文资讯，内容覆盖国内外突发新闻事件、体坛赛事、娱乐时尚、产业资讯、实用信息等，设有新闻、体育、娱乐、财经、科技、房产、汽车等30多个内容频道，同时开设博客、视频、论坛等自由互动交流空间。,11,得分:4767
爱奇艺,iqiyi.com,爱奇艺（iqiyi.com）是全球领先的提供海量、优质、高清的网络视频服务的大型视频网站，网络视频播放首选平台。爱奇艺影视内容丰富多元，涵盖电影、电视剧、动漫、综艺、生活、音乐、搞笑、财经、军事、体育、片花、资讯、微电影、儿童、母婴、教育、科技、时尚、原创、公益、游戏、旅游、拍客、汽车、纪录片、爱奇,12,得分:4767
携程旅行网,ctrip.com,携程旅行网是中国领先的在线旅行服务公司，向超过1400万会员提供集酒店预订、机票预订、度假预订、商旅管理、特惠商户及旅游资讯在内的全方位旅行服务。,13,得分:4767
太平洋汽车网,pcauto.com.cn,"太平洋汽车网下设汽车报价,汽车评测以及新闻、导购、维修、保养、安全、汽车论坛、自驾游、汽车休闲、汽车文化等方面的内容,是中国汽车排名前列的综合汽车网站,提供全面的车型数据、参数、配置、报价、相关新闻和图片等",14,得分:4766
2345网址导航,2345.com,2345.com热门网址导航站网罗精彩实用网址，如音乐、小说、NBA、财经、购物、视频、软件及热门游戏网址大全等，提供了多种搜索引擎入口、实用查询、天气预报、个性定制等实用功能，帮助广大网友畅游网络更轻松。,15,得分:4765
游侠网,ali213.net,游侠网为单机游戏玩家提供最新单机游戏业界动态、国内外单机游戏下载、单机游戏补丁、单机游戏攻略秘籍、单机游戏专题等内容。坚守单机阵地，弘扬单机文化！,16,得分:4764
CSDN,csdn.net,CSDN.NET - 全球大中文IT社区，为IT专业技术人员提供全面的信息传播和服务平台,17,得分:4763
国家税务总局,chinatax.gov.cn,国家税务总局互联网站建于1999年7月。在总局领导的大力支持关心下，近几年网站围绕税收中心工作，不断完善管理机制，丰富网站内容，增强网站功能，改进服务方式，网站水平有了显著的提高，在国信办近几年组织的政府门户网站评比中都取得了较好的名次。,18,得分:4762
CSDN博客,blog.csdn.net,"CSDN深度IT技术博客，移动开发博客,Web前端博客,企业架构博客,编程语言博客,互联网博客,数据库博客,系统运维博客,云计算博客,研发管理博客,IT blog",19,得分:4757
优酷网,youku.com,"优酷-中国第一视频网站,提供视频播放,视频发布,视频搜索 - 视频服务平台,提供视频播放,视频发布,视频搜索,视频分享 - 优酷视频。",20,得分:4756
知乎,zhihu.com,一个真实的网络问答社区，帮助你寻找答案，分享知识。,21,得分:4754
中关村在线,zol.com.cn,"中国领先的IT信息与商务门户, 包括新闻, 商城, 硬件, 下载, 游戏, 手机, 评测等40个大型频道，每天发布大量各类产品促销信息及文章专题，是IT行业的厂商, 经销商, IT产品, 解决方案的提供场所",22,得分:4753
太平洋电脑网,pconline.com.cn,"太平洋电脑网是专业IT门户网站,为用户和经销商提供IT资讯和行情报价,涉及电脑,手机,数码产品,软件等.",23,得分:4753
本地宝,bendibao.com,深圳本地城市生活门户网站，提供深圳地区交通、旅游、房地产、美食、购物、教育、医疗、求职招聘、团购、诚信商家等生活服务类精华实用资讯。,24,得分:4748
汽车之家,autohome.com.cn,汽车之家（NYSE：ATHM）成立于2005年，是中国领先的汽车互联网平台，为消费者提供优质的汽车消费和汽车生活服务，助力中国汽车产业蓬勃发展。,25,得分:4747
中国天气网,weather.com.cn,"中国天气网为您提供实时全国天气气象信息,及时发布天气预报、灾害预警、气象云图、旅游天气、台风、暴雨雪等气象信息，为我国的生产生活提供全面精确的气象服务。",26,得分:4739
阿里巴巴1688,1688.com,阿里巴巴（1688.com）是全球企业间（B2B）电子商务的著名品牌，为数千万网商提供海量商机信息和便捷安全的在线交易市场，也是商人们以商会友、真实互动的社区平台。目前1688.com已覆盖原材料、工业品、服装服饰、家居百货、小商品等12个行业大类，提供从原料--生产--加工--现货等一系列的供应产品和服务。,27,得分:4738
酷狗音乐,kugou.com,酷狗音乐旗下新全的在线正版音乐网站，本站为您免费提供海量的在线音乐试听下载，以及全球海量电台和mv播放服务、最新音乐播放器下载。酷狗音乐 和音乐在一起。,28,得分:4737
3DMGAME,3dmgame.com,"3dmgame以专业的单机游戏新闻中心，攻略中心,丰富的单机游戏下载大全中文版下载资源，强的游戏改造和汉化能力,强大的单机游戏论坛为重要组成部分,拥有全国一流的单机游戏平台,成为游戏玩家首要选择的游戏资讯门户网站。",29,得分:4735
爱词霸,iciba.com,爱词霸英语为广大英语学习爱好者提供金山词霸、在线词典、在线翻译、英语学习资料、英语歌曲、英语真题在线测试、汉语查词等服务，爱词霸英语在线查词和在线翻译频道致力于为您提供优质的在线查词及在线翻译服务,30,得分:4730
