书籍名称,价格,评价数
正版,¥19.24,0
醉染图书子涵童书*侦察鬼9787534643866,¥26.50,1
醉染图书杰西卡的借口9787541493393,¥17.00,1
醉染图书夏日天鹅9787571510749,¥16.10,1
醉染图书小巴掌童话-张秋生9787501620081,¥21.90,1
醉染图书宝葫芦的秘密9787553784694,¥16.80,0
醉染图书桦皮船9787570713332,¥35.00,1
醉染图书昆虫记9787558913570,¥19.70,1
醉染图书意林年度精选--感动卷·暖心常在9787549851928,¥39.90,0
醉染图书鲁滨逊漂流记9787551590327,¥19.80,0
醉染图书骑鹅旅行记9787100189767,¥19.80,0
正版,¥16.73,0
[M]蒙氏数学(共4册)/幼儿启蒙系列书籍-9787512674806,¥63.72,0
正版,¥19.48,0
正版新书]贝多芬万有图书,¥19.40,0
正版新书]天鹿(百班千人2021年暑期共读图书)周龙梅译;[日]安,¥21.30,0
正版新书]现代图书报刊发行概论王晶著9787563069262,¥59.30,0
正版新书]书籍北京高校继续教育,¥81.60,0
正版新书]意林少年励志馆-有其志必成其事意林图书9787807577492,¥15.10,0
正版新书]有智不在年高/意林少年智慧馆意林图书9787807579793,¥16.90,0
正版新书]小学生成语接龙书注音版全套成语故事书籍绘本儿童一年,¥74.80,0
正版新书]全新正版图书,¥42.50,0
正版新书]海底两万里昆虫记世界名著全10册爱的教育儿童图书7-10,¥9.80,0
正版新书]正版书籍职业生涯规划与就业指导,¥38.30,0
正版新书]书籍铸魂成器兵器工业持续绩优的道与术,¥9.80,0
正版新书]正版书籍流体力学与传热学,¥49.30,0
正版新书]鲁迅精选作品集全10册,¥253.30,0
正版新书]故事乐园16(松子哪去了会变色的花)乾豪动漫图书编写组,¥11.00,0
正版新书]哥伦布/青少年成长励志丛书万有图书9787545513974,¥19.40,0
正版新书]鲁迅/青少年成长励志丛书万有图书,¥19.40,0
正版新书]鲁迅/青少年成长励志丛书万有图书,¥19.40,0
正版新书]全新正版图书,¥29.80,0
正版新书]中国有名神话故事绘本系列?白蛇传故事香港嫦娥图书出,¥40.80,0
正版新书]书籍全国高等职业院校空中乘务专业“十三五”规划教材,¥42.30,0
正版新书]书籍有苗不愁长小儿难养,¥80.80,0
正版新书]宝宝的第一套拼图游戏(礼盒装)北京小红花图书工作室97,¥91.80,0
正版新书]睡前故事(彩图注音版)北京小红花图书工作室97875101,¥22.80,0
正版新书]故事大王(彩图注音版)北京小红花图书工作室97875101,¥22.80,0
正版新书]全新正版图书,¥136.00,0
正版新书]全新正版图书,¥33.80,0
正版新书]岳飞传(青少版)中华国学经典中小学生课外阅读书籍无障,¥17.80,0
正版新书]全新正版图书,¥71.90,0
正版新书]一千零一夜(彩图注音版)北京小红花图书工作室978751,¥22.80,0
正版新书]幼儿最喜爱的中国经典故事(8册)北京小红花图书工作,¥50.60,0
正版新书]法理学陈柏峰主编中国法律图书有限公司9787519751760,¥41.70,0
正版新书]全新正版图书,¥117.30,0
正版新书]乌江引,¥47.60,0
正版新书]格林童话(3上)/小语文分级阅读图书(德)格林兄弟978722,¥21.30,0
正版新书]稻草人(3上)/小语文分级阅读图书叶圣陶9787220117848,¥21.30,0
正版新书]全新正版图书,¥42.30,0
正版新书]安徒生童话(3上)/小语文分级阅读图书(丹)安徒生978722,¥21.30,0
正版新书]书籍块体纳米亚微米晶钢的制备,¥73.10,0
正版新书]图书,¥13.50,0
[M]列那狐的故事-9787547234037,¥8.33,0
[M]安徒生童话故事集-9787020102723,¥26.22,0
[M]格林童话-9787539790442,¥21.45,0
[M]幽灵的传说-9787533775865,¥14.04,0
[M]中华上下五千年(有声版)/写给孩子的经典名著/小学语文配套阅读名著-9787556077434,¥14.28,0
[M]会读古诗的八哥-9787547314715,¥19.60,0
[M]橘子仙女,¥20.28,0
[M]红楼梦(注音版)/世界儿童文学精选/曹雪芹,¥10.12,0
[M]勇敢做自己,¥6.15,0
[M]大西瓜-9787501615490,¥21.42,0
[M]爸妈开心看我的,¥13.44,0
[M]小约翰-9787305161193,¥12.88,0
[M]瓦当的庄园,¥13.26,0
[M]一百万只猫-9787510164811,¥16.92,0
[M]三国演义-9787539563190,¥11.27,0
[M]照猫画虎,¥13.40,0
[M]上外星球挖宝,¥22.05,0
[M]聪明不是天生的,¥11.22,0
[M]初春之城-9787558324284,¥15.84,0
[M]聪明的孩子真会玩-9787557001827,¥6.10,0
[M]细菌世界历险记,¥13.26,0
[M]梦寻江南系列(全3本)(外婆桥.水天堂.姚家弄的猫)-2200428000026,¥49.50,0
[M]指尖上的韵动:双人手指谣游戏口袋本-9787567582811,¥18.88,0
[M]小王子-9787532889112,¥8.74,0
[M]蘑菇汤满,¥11.88,0
[M]新国标英语分级阅读,¥16.75,0
[M]我有一头小毛驴(2册)-9787201138930,¥75.52,0
[M]医疗器械安全通用要求检验操作规范-9787521412178,¥211.58,0
[M]天上掉下大蛋糕/洋葱头儿童文学精选/(意)贾尼.罗大里-9787514831535,¥15.66,0
[M]再见.钢琴/我的儿子皮卡-9787556837854,¥14.04,0
[M]快乐读书吧,¥12.88,0
[M]荷塘月色-9787305176722,¥12.88,0
[M]原野有个鸭蛋公-9787559716637,¥18.76,0
[M]轻轻地--妈妈献给孩子童年的歌-9787544865753,¥20.27,0
"[M]陶小鲸上学了/你好啊,一年级-9787570803262",¥16.50,0
[M]宝葫芦的秘密(全彩注音版)-9787531346920,¥12.32,0
[M]变形金刚-9787531574743,¥21.65,0
[M]刘克襄动物故事,¥17.94,0
[M]舒克蒙冤/舒克贝塔我会自己读贴纸游戏故事-9787521720617,¥9.45,0
[M]老鼠喂养的恐龙,¥44.88,0
[M]被风吹走的魔术帽-9787305218354,¥10.00,0
[M]秘境探险2:勇闯研究所,¥12.75,0
[M]摘颗星星给你尝/麦小麦诗词奇遇-9787521724035,¥22.05,0
[M]露营地惊魂24小时-9787544862981,¥17.00,0
[M]神奇树屋,¥10.56,0
[M]森林怪奇事件簿/狐狸小猪和朋友们-9787570807055,¥14.28,0
[M]了不起的笨笨驴-9787547437292,¥14.40,0
[M]今年你七岁,¥14.01,0
[M]战胜烟囱怪-9787544869430,¥13.60,0
[M]紫色的秘密,¥14.04,0
[M]大地风云,¥16.20,0
[M]保卫孔雀湖-9787556252169,¥13.72,0
[M]呼兰河传-9787531728603,¥17.35,0
[M]飞向陆地的女孩-9787570807017,¥13.26,0
[M]少年地球护卫队,¥23.52,0
[M]中国古典神话传说和民间故事,¥61.20,0
[M]快乐男孩-9787200141818,¥19.50,0
[M]魔法花袜子-9787544851411,¥8.25,0
[M]快乐猴的快乐果/微童话注音美绘版系列-9787537663694,¥5.10,0
[M]金色的草地-9787570209170,¥9.00,0
[M]经典国学启蒙诵读丛书·实用注音版——笠翁对韵(附光盘)-9787531563471,¥8.91,0
[M]轻轻的呼吸-9787530770498,¥14.28,0
[M]我的伙伴是怪物1:战将令牌-9787520716499,¥26.39,0
[M]篝火会上的惊人秘密,¥14.28,0
[M]食堂大变样-9787556850969,¥10.20,0
[M]我的伙伴是怪物,¥21.41,0
[M]名人名言精读-9787538768718,¥7.05,0
