时间,城市名称,城市ID,省份,AQI,空气质量,首要污染物
2026-09-09 20:00:00,荆州,101200801,湖北,117,轻度污染,PM2.5
2026-09-09 20:00:00,泸州,101271001,四川,114,轻度污染,PM2.5
2026-09-09 20:00:00,广安,101270801,四川,88,良,PM2.5
2026-09-09 20:00:00,湘潭,101250201,湖南,84,良,PM2.5
2026-09-09 20:00:00,株洲,101250301,湖南,82,良,PM2.5
2026-09-09 20:00:00,长沙,101250101,湖南,70,良,PM2.5
2026-09-09 20:00:00,金华,101210901,浙江,63,良,PM10
2026-09-09 20:00:00,铜陵,101221301,安徽,60,良,PM10
2026-09-09 20:00:00,驻马店,101181601,河南,59,良,PM10
2026-09-09 20:00:00,黄石,101200601,湖北,58,良,PM10
