标题,发文机关,文号,年份,url
外来入侵物种防控科普直播活动举办,您即将离开农业农村部门户网站，是否继续？,,2023,https://kjs.moa.gov.cn/gzdt/202304/t20230420_6425753.htm
中华人民共和国 农业部公告第2283号,您即将离开农业农村部门户网站，是否继续？,,2015,https://fgs.moa.gov.cn/flfg/201509/t20150907_6315713.htm
农业部关于做好“十三五”水生生物增殖放流工作的指导意见,您即将离开农业农村部门户网站，是否继续？,国发〔2013〕11号,2016,https://fgs.moa.gov.cn/flfg/202003/t20200306_6338296.htm
中华人民共和国农业农村部公告 第950号,中华人民共和国农业农村部,,2025,https://fgs.moa.gov.cn/flfg/202509/t20250925_6477748.htm
水产苗种管理办法,您即将离开农业农村部门户网站，是否继续？,,2010,https://fgs.moa.gov.cn/flfg/201006/t20100606_6315599.htm
农业农村部 自然资源部 生态环境部 海关总署 国家林草局关于印发进一步加强外来物种入侵防控工作方案的通知,您即将离开农业农村部门户网站，是否继续？,,2021,https://kjs.moa.gov.cn/gzdt/202102/t20210203_6361146.htm
中华人民共和国野生动物保护法,您即将离开农业农村部门户网站，是否继续？,,2020,https://fgs.moa.gov.cn/flfg/202002/t20200217_6337193.htm
中华人民共和国长江保护法,您即将离开农业农村部门户网站，是否继续？,,2020,https://fgs.moa.gov.cn/flfg/202104/t20210425_6366540.htm
农业农村部研究部署红火蚁阻截及外来物种入侵防控工作,您即将离开农业农村部门户网站，是否继续？,,2021,https://www.moa.gov.cn/jg/leaders/lingdhd/202104/t20210419_6366072.htm
农业农村部 自然资源部 生态环境部 海关总署国家林草局关于印发进一步加强外来物种入侵防控工作方案的通知,您即将离开农业农村部门户网站，是否继续？,,2021,https://kjs.moa.gov.cn/hbny/202102/t20210204_6361148.htm
农业农村部关于修改和废止部分规章的决定,2018年12月6日农业农村部令2018年第2号、2022年1月7日农业农村部,日农渔发〔1999〕3号,2017,https://fgs.moa.gov.cn/flfg/202508/t20250801_6476248.htm
农业农村部研究部署红火蚁阻截及外来物种入侵防控工作,您即将离开农业农村部门户网站，是否继续？,,2021,https://kjs.moa.gov.cn/gzdt/202104/t20210419_6366145.htm
农业系统贯彻落实《全面推进依法行政实施纲要》的意见,您即将离开农业农村部门户网站，是否继续？,,2010,https://fgs.moa.gov.cn/flfg/201006/t20100606_6315635.htm
农业农村部 自然资源部 生态环境部 住房和城乡建设部 海关总署 国家林草局公告第567号,农业农村部 自然资源部 生态环境部 住房和城乡建设部 海关总署 国家林草局,,2022,https://fgs.moa.gov.cn/flfg/202211/t20221109_6415160.htm
中共中央 国务院关于全面推进乡村振兴加快农业农村现代化的意见,您即将离开农业农村部门户网站，是否继续？,,2021,https://fgs.moa.gov.cn/flfg/202102/t20210221_6361863.htm
农业农村部联合多部门部署推进外来物种入侵防控工作,您即将离开农业农村部门户网站，是否继续？,,2022,http://www.moa.gov.cn/xw/zwdt/202207/t20220711_6404488.htm
关于全面推进乡村振兴加快农业农村现代化的意见,您即将离开农业农村部门户网站，是否继续？,,2021,https://fgs.moa.gov.cn/flfg/202111/t20211103_6381180.htm
云南省农作物种子条例,云南省人民代表大会常务委员会,〔十四届〕第六十号,2026,https://fgs.moa.gov.cn/flfg/202604/t20260407_6483028.htm
中华人民共和国农业法,您即将离开农业农村部门户网站，是否继续？,,2002,https://fgs.moa.gov.cn/flfg/202608/t20260831_6487167.htm
以规章清理促立法质量提升 更好服务“三农”中心工作——农业农村部法规司负责人就《农业农村部关于修改和废止部分规章的决定》答记者问,您即将离开农业农村部门户网站，是否继续？,,2026,https://fgs.moa.gov.cn/flfg/202508/t20250801_6476253.htm
农业农村部研究部署红火蚁阻截及外来物种入侵防控工作,您即将离开农业农村部门户网站，是否继续？,,2021,http://www.moa.gov.cn/xw/bmdt/202104/t20210419_6366145.htm
外来入侵物种防控现场会在海南召开,您即将离开农业农村部门户网站，是否继续？,,2023,https://kjs.moa.gov.cn/gzdt/202303/t20230330_6424355.htm
中华人民共和国农业农村部公告 第522号,中华人民共和国农业农村部,日农农发〔1999〕7号,2022,https://fgs.moa.gov.cn/flfg/202202/t20220209_6388264.htm
福建省海洋经济促进条例,福建省人民代表大会常务委员会,〔十四届〕第十六号,2023,https://fgs.moa.gov.cn/flfg/202312/t20231208_6442390.htm
农业农村部 自然资源部 生态环境部 海关总署 国家林草局关于印发进一步加强外来物种入侵防控工作方案的通知,农业农村部信息中心,农科教发〔2021〕1号,2021,http://www.moa.gov.cn/govpublic/KJJYS/202102/t20210203_6361137.htm
辽宁省出台方案进一步加强外来物种入侵防控工作制定外来入侵物种名录 重点区域布设监测站（点）,您即将离开农业农村部门户网站，是否继续？,,2023,http://www.moa.gov.cn/xw/qg/202312/t20231208_6442338.htm
中华人民共和国青藏高原生态保护法,您即将离开农业农村部门户网站，是否继续？,,2023,https://fgs.moa.gov.cn/flfg/202308/t20230831_6435527.htm
