公司名称,详情页url,邮箱,网址,电话,地址,邮编/联系人,传真
北京紫荆捷控科技有限公司,https://c.gongkong.com?cid=35293,wangliyan@unisctrol.com,http://www.unisctorl.com,010-62788055,北京市海淀区中关村东路紫光大楼420室,北京紫荆捷控科技有限公司,
爱德克电气贸易(上海)有限公司,https://c.gongkong.com/moorkus/,marcom_cn@idec.com,https://idecchina.cn/,021-61351515 分机628/627,上海市静安区共和路209号企业中心第二座8楼,200003,021-61351515
四川零点自动化系统有限公司,https://c.gongkong.com/lingdian/,sales@odot.cn,https://www.odot.cn/,0816-2530577,四川省绵阳市高新区飞云大道东段261号综合保税区204厂房,621000,0816-6337503
洛阳兰飞自动化技术有限公司,https://c.gongkong.com?cid=48453,easywin@vip.163.com,http://www.lanfeiplc.com/,0379-64915502 64156252 手机：13598189028,洛阳市涧西区南昌路创展国际贵都二单元2405,洛阳兰飞自动化技术有限公司,
上海安浦鸣志自动化设备有限公司,https://c.gongkong.com/moons/,ama-info@moons.com.cn,http://www.moons.com.cn,400-820-9661,"上海市闵行区闵北路88弄7号楼 Building 7, Lane 88, Minbei Road, Minhang District, Shanghai, 201107, P.R.China",200233,021-62968682
宁波高松技术有限公司,https://c.gongkong.com/degson/,info@degson.com,http://www.degson.com/,400-885-2488,中国宁波慈溪逍林镇逍林大道1585号,315321,
上海苏华工业控制设备有限公司,https://c.gongkong.com?cid=33400,dongwen.lu@sh-sxd.com,http://www.sh-sxd.com/,021-51621188（总机）,上海市中江路879弄25号楼2楼,上海苏华工业控制设备有限公司,
天津宜科自动化股份有限公司,https://c.gongkong.com/yike/,sales@elco.cn,http://www.elco-holding.com.cn,400-652-5009,天津市西青经济技术开发区赛达四支路 12 号,300385,022-23789721
广州金升阳科技有限公司,https://c.gongkong.com/gzjsy/,market320@mornsun.cn,http://www.mornsun.cn,020-38601850,广州市萝岗区科学城科学大道科汇发展中心科汇一街5号,510663,020-38601272
四川零点自动化系统有限公司,https://c.gongkong.com/lingdian/,sales@odot.cn,https://www.odot.cn/,0816-2530577,四川省绵阳市高新区飞云大道东段261号综合保税区204厂房,621000,0816-6337503
北京众驰自动化设备有限公司,https://c.gongkong.com?cid=55808,li.ma@bj-zhongchi.com,http://www.bj-zhongchi.com/,010-56500748,西城区广安门外大街168号朗琴国际B座1011室,北京众驰自动化设备有限公司,
ABB（中国）有限公司控制技术业务部,https://c.gongkong.com?cid=43460,Sales@gongkong.com,http://www.abb.com.cn/controlsystems,8610-64232193；8610-84566688-2193,北京市朝阳区酒仙桥路10号恒通广厦,ABB（中国）有限公司控制技术业务部,
北京紫荆捷控科技有限公司,https://c.gongkong.com?cid=35293,wangliyan@unisctrol.com,http://www.unisctorl.com,010-62788055,北京市海淀区中关村东路紫光大楼420室,北京紫荆捷控科技有限公司,
深圳市海通达电子科技有限公司,https://c.gongkong.com?cid=30398,1926474472@qq.com,http://www.htdelec.com,0755-66817228 13632706808,深圳市南山区西丽同乐路留仙洞大厦1110单元,深圳市海通达电子科技有限公司,
中科院合肥物质科学研究院先进制造技术研究所,https://c.gongkong.com?cid=53944,邮箱：zlh@iamt.cas.cn,http://www.iamt.cas.cn,0519-86339709,江苏省常州市常武中路801号惠弘楼 邮编：213164,中科院合肥物质科学研究院先进制造技术研究所,
北京幺正科技有限公司,https://c.gongkong.com/yaozheng/,contact@unitarity.cn,http://www.unitarity.cn/,010-88775041,北京市石景山区八大处路49号点石商务公园6号楼807室,100041,010-88775041
磐仪科技股份有限公司,https://c.gongkong.com/arbor/,infocn@arbor.com.tw,http://www.arbor-technology.com,0755-83438567-120,深圳市福田区天安数码城创新科技广场I期A座305室,518040,0755-83438597
工控网,https://c.gongkong.com/gongkong2022/,welcome@gongkong.com,http://www.gongkong.com/,010-58930088,北京市海淀区紫竹院路116号嘉豪国际中心B座8层,100097,010-58930018
百得易控(北京)有限公司,https://c.gongkong.com?cid=46318,bdyk2005@263.net,,010-68512110 68538450,北京市复兴路甲1号水科院6号楼首层,百得易控(北京)有限公司,
西安诚安嵌入式计算机技术有限公司,https://c.gongkong.com?cid=53955,zhoushuai@keyact.com.cn,http://www.keyact.com.cn,029-88856429-808,西安市高新区唐延南路11号逸翠园i都会3号楼3单元1318室,西安诚安嵌入式计算机技术有限公司,
上海巨朋自动化技术有限公司,https://c.gongkong.com/gipeng/,sales@gipeng.com,http://www.gipeng.com,15821288378,上海市嘉定区张掖路355号 上海电子商城1号楼1B505室,201803,021-67897279-808
EuroTech—意大利欧泰股份有限公司北京代表处,https://c.gongkong.com?cid=35073,sales@eurotech.com.cn,http://www.eurotech.com.cn,010-62670904/14/24,北京市中关村东路66号世纪科贸大厦B座2207室,EuroTech—意大利欧泰股份有限公司北京代表处,
致茂电子股份有限公司,https://c.gongkong.com/Chroma/,info@chromaate.com,http://www.chroma.com.cn/,+886-3-327-9999,桃园市33383龟山区华亚一路66号,33383,+886-3-327-8898
FOXKPC工控,https://c.gongkong.com/fskjt/,zsc@foxkpc.com,http://www.foxkpc.com,13581651075,上海市嘉定区墨玉路28号嘉正国际大厦12楼,,01080766986
上海兆越通讯技术有限公司,https://c.gongkong.com/zhaoyue/,sc@mexontec.com,http://www.mexontec.com,021-67756421/2/3，4006612508,上海市松江区九泾路701号新雅科创园7号楼5楼A、B座,201615,021-67756427
深圳市吉方工控有限公司,https://c.gongkong.com/szjifang/,md01@szgifa.net,http://www.szgifa.com,0755-83987878,深圳市宝安区航城大道吉方产业园5楼,0000000,0755-83987878
研祥高科技控股集团有限公司,https://c.gongkong.com/yanxiang/,evocipc@evoc.cn,http://www.evoc.cn,400-880-9666,深圳市南山区高新中四道31号研祥科技大厦,518057,0755-86255909
深圳市科达嘉电子有限公司,https://c.gongkong.com/CODACA/,&#160;info@codaca.com,https://www.codaca.com.cn/,&#160;0755-89585372,深圳市龙岗区坂田街道天安云谷产业园11栋34楼,518112,0755-89585280
大连科睿尔电气发展有限公司,https://c.gongkong.com/happyssy/,dl-kre@163.com,,0411-84325596,沙河口区同泰街121-7号,116021,0411-84352116
宁波速普电子有限公司,https://c.gongkong.com/supu/,supucontact@supu.cn,https://www.supucontact.com/,0574-63324999转8687， 18069106316,浙江省慈溪市坎墩兴镇街625号,315303,0574-63288170
 唐山平升电子技术开发有限公司,https://c.gongkong.com/psdz/,412670484@qq.com,https://www.data86.com/,0315-7353613,河北省唐山市高新技术开发区庆北道37号,063020,
易格斯（上海）拖链系统有限公司,https://c.gongkong.com/igus/,,,,,,
得捷电子（上海）有限公司,https://c.gongkong.com?cid=56803,suly714@gmail.com,,021-8197 6017,上海市长宁区中山西路1055号504室,得捷电子（上海）有限公司,
芯源信息咨询（上海）有限公司,https://c.gongkong.com/MPS/,Yige.Wang@monolithicpower.com,https://www.monolithicpower.cn,021-22251700,上海市桂平路96号,,
德州仪器半导体技术（上海）有限公司,https://c.gongkong.com/dzyq/,enterpriseinformationpublicity@list.ti.com,http://www.ti.com.cn,021-23073288,上海市浦东新区海阳西路 555 号前滩中心10层,,
美光半导体（上海）责任有限公司 ,https://c.gongkong.com?cid=56802,sales@micron.com,https://cn.micron.com,021-61033366,上海徐汇区淮海中路1010号嘉华中心31、41层,美光半导体（上海）责任有限公司,
深圳昆仑技创科技开发有限责任公司,https://c.gongkong.com/mcgs/,mcgs@mcgs.com.cn,http://www.mcgs.com.cn,400-600-7062,深圳市龙岗区雪岗路2018号天安云谷一期3栋B座2401室,518000,400-600-7062
诺达佳自动化技术有限公司,https://c.gongkong.com/nodajia/,sales@nodka.com,http://www.nodka.com/,0512-66202700,苏州市吴中区临湖镇银藏路480号,215103,0512-66203900
威刚电子（上海）贸易有限公司,https://c.gongkong.com/adata_industrial/,IASales_cn@adata.com,http://industrial.adata.com/cn/,86-21-62331010-25789,上海闵行区泰虹路268弄7号,201107,
美国创力网络科技（香港）有限公司,https://c.gongkong.com?cid=37298,lei.zhong@lantronix.com,http://www.lantronix.com.cn/,400 820 0502,香港九龙观塘观塘道388号创纪之城1期1座31楼3112－13室,美国创力网络科技（香港）有限公司,
ABB中国电气事业部,https://c.gongkong.com/ABBLV/,LV-hotline@cn.abb.com,http://www.abb.com.cn/,800-820-9696 / 400-820-9696,上海,200001,(8621) 61228500 / 61228558
赛莱默（中国）有限公司,https://c.gongkong.com?cid=14482,fred.gu@xyleminc.com,http://www.xyleminc.com,"86-21-22082888×8252, 13816682295",上海市遵义路100号虹桥上海城A座30楼,赛莱默（中国）有限公司,
 泓格科技股份有限公司,https://c.gongkong.com/icpdas/,sales_sh@icpdas.com.cn,http://www.icpdas.com.cn,021-62471722/23/24,上海市镇宁路200号欣安大厦西峰6A,200040,021-62471725
北京力控元通科技有限公司,https://c.gongkong.com/sunway/,zhangying1@sunwayland.com.cn,http://www.sunwayland.com,13371688021,北京市海淀区天秀路10号中国农大国际创业园1号楼四层436室,100193,010-62828877
深圳市海通达电子科技有限公司,https://c.gongkong.com?cid=30398,1926474472@qq.com,http://www.htdelec.com,0755-66817228 13632706808,深圳市南山区西丽同乐路留仙洞大厦1110单元,深圳市海通达电子科技有限公司,
 唐山平升电子技术开发有限公司,https://c.gongkong.com/psdz/,412670484@qq.com,https://www.data86.com/,0315-7353613,河北省唐山市高新技术开发区庆北道37号,063020,
上海ABB工程有限公司,https://c.gongkong.com/ABB/,rita-wei.fu@cn.abb.com,http://www.abb.com.cn/cawp/CNABB051/945B0DF77967F10648256BBA0022F8F8.aspx,021-61056600,上海市外高桥保税区富特东三路27号厂房,200131,021-58652785
诺达佳自动化技术有限公司,https://c.gongkong.com/nodajia/,sales@nodka.com,http://www.nodka.com/,0512-66202700,苏州市吴中区临湖镇银藏路480号,215103,0512-66203900
无锡信捷电气股份有限公司,https://c.gongkong.com/xinjie/,xinje@xinje.com,https://www.xinje.com,400-885-0136,江苏省无锡市滨湖区建筑西路816号,214072,0510-85111290
 泓格科技股份有限公司,https://c.gongkong.com/icpdas/,sales_sh@icpdas.com.cn,http://www.icpdas.com.cn,021-62471722/23/24,上海市镇宁路200号欣安大厦西峰6A,200040,021-62471725
大连科睿尔电气发展有限公司,https://c.gongkong.com/happyssy/,dl-kre@163.com,,0411-84325596,沙河口区同泰街121-7号,116021,0411-84352116
合肥恒研智能科技有限公司,https://c.gongkong.com?cid=14273,acoca@accomplish.cn,http://www.accomplish.cn,400-600-4275,合肥市高新区创新大道2800号创新产业园二期G4-E-6,合肥恒研智能科技有限公司,
深圳市科达嘉电子有限公司,https://c.gongkong.com/CODACA/,&#160;info@codaca.com,https://www.codaca.com.cn/,&#160;0755-89585372,深圳市龙岗区坂田街道天安云谷产业园11栋34楼,518112,0755-89585280
上海苏华工业控制设备有限公司,https://c.gongkong.com?cid=33400,dongwen.lu@sh-sxd.com,http://www.sh-sxd.com/,021-51621188（总机）,上海市中江路879弄25号楼2楼,上海苏华工业控制设备有限公司,
瑞典HMS工业网络有限公司,https://c.gongkong.com/hmsbj/,cn-sales@hms-networks.com,https://www.hms-networks.cn/,010-85321188,北京市东直门外大街23号东外外交办公大楼505B,100600,
皮尔磁工业自动化（上海)有限公司,https://c.gongkong.com/pilz/,sales@pilz.com.cn,http://www.pilz.com.cn,021-60880878,上海浦东新区龙阳路2277号永达国际大厦1702-1705室,201204,021-60880870
 上海海得控制系统股份有限公司,https://c.gongkong.com/hite/,hite@hite.com.cn,http://www.hite.com.cn,021-60572333（总机）,上海市闵行区漕河泾开发区浦江高科技园新骏环路777号（总部）,201114,
深圳市海任科技有限公司,https://c.gongkong.com/hairen/,sz@ewmip.com,http://www.ewmip.com/,0755-25909078,深圳市龙岗区龙城街道黄阁坑社区龙飞大道 333 号启迪协信 9 栋 502,518114,0755-25907656
苏州明纬科技有限公司,https://c.gongkong.com/MeanWellsuzhou/,info@meanwell.cc,https://www.meanwell.com.cn,0512-65088600,苏州市相城区黄埭镇长平路269号苏州明纬智慧园区,215152,0512-65088700
上海ABB工程有限公司,https://c.gongkong.com/ABB/,rita-wei.fu@cn.abb.com,http://www.abb.com.cn/cawp/CNABB051/945B0DF77967F10648256BBA0022F8F8.aspx,021-61056600,上海市外高桥保税区富特东三路27号厂房,200131,021-58652785
易盼软件（上海）有限公司,https://c.gongkong.com/eplan/,Qian.L@eplan.cn,https://www.eplan.cn/cn/start/,021-51157799-726,上海市松江工业区民益路1658号,201612,021-57686069
 泓格科技股份有限公司,https://c.gongkong.com/icpdas/,sales_sh@icpdas.com.cn,http://www.icpdas.com.cn,021-62471722/23/24,上海市镇宁路200号欣安大厦西峰6A,200040,021-62471725
成都数自创新科技有限公司,https://c.gongkong.com/cdszcx/,info@aiosys.cn,https://www.aiosys.cn/,028-85236622,四川省成都市高新区天府四街189号B座11楼,,
法国彩虹计算机公司上海代表处,https://c.gongkong.com/caihong/,info@pcvue.com.cn,http://china.pcvuescada.com/,021-52400496 “PcVue China”QQ群：255066414,上海市闸北区梅园路228号企业广场2119-2120室,200070,021-52400456
天津宜科自动化股份有限公司,https://c.gongkong.com/yike/,sales@elco.cn,http://www.elco-holding.com.cn,400-652-5009,天津市西青经济技术开发区赛达四支路 12 号,300385,022-23789721
百得易控(北京)有限公司,https://c.gongkong.com?cid=46318,bdyk2005@263.net,,010-68512110 68538450,北京市复兴路甲1号水科院6号楼首层,百得易控(北京)有限公司,
爱德克电气贸易(上海)有限公司,https://c.gongkong.com/moorkus/,marcom_cn@idec.com,https://idecchina.cn/,021-61351515 分机628/627,上海市静安区共和路209号企业中心第二座8楼,200003,021-61351515
菲尼克斯（中国）投资有限公司,https://c.gongkong.com/phoenix/,phoenix@phoenixcontact.com.cn,https://www.phoenixcontact.com/zh-cn/,025-52121888,南京市江宁经济开发区菲尼克斯路36号,211100,025-52121555
穆尔电子元器件(上海)有限公司,https://c.gongkong.com/murrelektronik/,info@murrelektronik.com.cn,http://www.murrelektronik.com.cn/,+86-21-62847607,上海市普陀区绥德路628号C + D 幢,200331,+86-21-62848526
施迈赛工业开关制造（上海）有限公司,https://c.gongkong.com/sms2016/,marketing.cn@schmersal.com.cn,http://www.schmersal.com.cn,021-63758287,上海市青浦区漕盈路3336号,201700,021-63758297
瑞典HMS工业网络有限公司,https://c.gongkong.com/hmsbj/,cn-sales@hms-networks.com,https://www.hms-networks.cn/,010-85321188,北京市东直门外大街23号东外外交办公大楼505B,100600,
芯源信息咨询（上海）有限公司,https://c.gongkong.com/MPS/,Yige.Wang@monolithicpower.com,https://www.monolithicpower.cn,021-22251700,上海市桂平路96号,,
上海兆越通讯技术有限公司,https://c.gongkong.com/zhaoyue/,sc@mexontec.com,http://www.mexontec.com,021-67756421/2/3，4006612508,上海市松江区九泾路701号新雅科创园7号楼5楼A、B座,201615,021-67756427
芯源信息咨询（上海）有限公司,https://c.gongkong.com/MPS/,Yige.Wang@monolithicpower.com,https://www.monolithicpower.cn,021-22251700,上海市桂平路96号,,
菲尼克斯（中国）投资有限公司,https://c.gongkong.com/phoenix/,phoenix@phoenixcontact.com.cn,https://www.phoenixcontact.com/zh-cn/,025-52121888,南京市江宁经济开发区菲尼克斯路36号,211100,025-52121555
四川零点自动化系统有限公司,https://c.gongkong.com/lingdian/,sales@odot.cn,https://www.odot.cn/,0816-2530577,四川省绵阳市高新区飞云大道东段261号综合保税区204厂房,621000,0816-6337503
深圳市科达嘉电子有限公司,https://c.gongkong.com/CODACA/,&#160;info@codaca.com,https://www.codaca.com.cn/,&#160;0755-89585372,深圳市龙岗区坂田街道天安云谷产业园11栋34楼,518112,0755-89585280
瑞典HMS工业网络有限公司,https://c.gongkong.com/hmsbj/,cn-sales@hms-networks.com,https://www.hms-networks.cn/,010-85321188,北京市东直门外大街23号东外外交办公大楼505B,100600,
深圳市海通达电子科技有限公司,https://c.gongkong.com?cid=30398,1926474472@qq.com,http://www.htdelec.com,0755-66817228 13632706808,深圳市南山区西丽同乐路留仙洞大厦1110单元,深圳市海通达电子科技有限公司,
宁波高松技术有限公司,https://c.gongkong.com/degson/,info@degson.com,http://www.degson.com/,400-885-2488,中国宁波慈溪逍林镇逍林大道1585号,315321,
无锡市北辰自动化技术有限公司,https://c.gongkong.com/BEICHEN/,wxbca@163.com,http://www.beichen-automation.com,0510-85166823，85136823,蠡园开发区滴翠路100号创意园A幢1501，1503室,214072,0510-85166813
穆尔电子元器件(上海)有限公司,https://c.gongkong.com/murrelektronik/,info@murrelektronik.com.cn,http://www.murrelektronik.com.cn/,+86-21-62847607,上海市普陀区绥德路628号C + D 幢,200331,+86-21-62848526
宁波高松技术有限公司,https://c.gongkong.com/degson/,info@degson.com,http://www.degson.com/,400-885-2488,中国宁波慈溪逍林镇逍林大道1585号,315321,
 上海海得控制系统股份有限公司,https://c.gongkong.com/hite/,hite@hite.com.cn,http://www.hite.com.cn,021-60572333（总机）,上海市闵行区漕河泾开发区浦江高科技园新骏环路777号（总部）,201114,
深圳市凌壹科技有限公司,https://c.gongkong.com/zeroone/,limyee@zeroone.net.cn,https://limyee01.com,0755-83650405,深圳市龙华区大浪街道横朗社区恒大时尚慧谷6栋7楼,518100,0755-83639041
富延升电子（福建）有限公司,https://c.gongkong.com/fuyansheng/,sales@faselec.com.cn,https://www.fas-elec.com/,0591-22991876,福建省福州市闽侯县上街镇六桥路 33 号均和云谷东南科创基地 A 区 10 栋,350108,0591-22991890
天津吉诺科技有限公司,https://c.gongkong.com/Geneuo/,sales@geneuo.com,http://www.gsee-tech.cn,022-68277298,天津市静海经济开发区南区科技大道,301609,022-68277161
 福禄克测试仪器（上海）有限公司,https://c.gongkong.com/fluke/,customer@gongkong.com,http://www.fluke.com.cn,400-810-3435,北京建国门外大街22号赛特大厦2301室,100004,010-65123437
深圳市华茂欧特科技有限公司,https://c.gongkong.com/WELLAUTO/,market@wellauto.cn,https://www.wellauto.cn/,4009008687,深圳市宝安区航城街道三围社区奋达高新科技园C栋402、405,,
上海兆越通讯技术有限公司,https://c.gongkong.com/zhaoyue/,sc@mexontec.com,http://www.mexontec.com,021-67756421/2/3，4006612508,上海市松江区九泾路701号新雅科创园7号楼5楼A、B座,201615,021-67756427
无锡市北辰自动化技术有限公司,https://c.gongkong.com/BEICHEN/,wxbca@163.com,http://www.beichen-automation.com,0510-85166823，85136823,蠡园开发区滴翠路100号创意园A幢1501，1503室,214072,0510-85166813
爱德克电气贸易(上海)有限公司,https://c.gongkong.com/moorkus/,marcom_cn@idec.com,https://idecchina.cn/,021-61351515 分机628/627,上海市静安区共和路209号企业中心第二座8楼,200003,021-61351515
富延升电子（福建）有限公司,https://c.gongkong.com/fuyansheng/,sales@faselec.com.cn,https://www.fas-elec.com/,0591-22991876,福建省福州市闽侯县上街镇六桥路 33 号均和云谷东南科创基地 A 区 10 栋,350108,0591-22991890
北京磐创科技,https://c.gongkong.com/BJPC/,bjpct_yang@163.com,https://www.bjpct.com.cn/,18600372072,北京市房山区窦店,102433,010-69398396
穆尔电子元器件(上海)有限公司,https://c.gongkong.com/murrelektronik/,info@murrelektronik.com.cn,http://www.murrelektronik.com.cn/,+86-21-62847607,上海市普陀区绥德路628号C + D 幢,200331,+86-21-62848526
绵阳市维博电子有限责任公司,https://c.gongkong.com/wb/,wb@wbdz.cn,http://www.wbdz.cn,0816-2278150/2278151/2278153/2278154/2970923,绵阳市游仙区延熙路1号机器人产业园区,621000,0816-2281934
深圳市海通达电子科技有限公司,https://c.gongkong.com?cid=30398,1926474472@qq.com,http://www.htdelec.com,0755-66817228 13632706808,深圳市南山区西丽同乐路留仙洞大厦1110单元,深圳市海通达电子科技有限公司,
广州金升阳科技有限公司,https://c.gongkong.com/gzjsy/,market320@mornsun.cn,http://www.mornsun.cn,020-38601850,广州市萝岗区科学城科学大道科汇发展中心科汇一街5号,510663,020-38601272
深圳佰维存储科技股份有限公司,https://c.gongkong.com/BIWIN/,sales@biwin.com.cn,https://www.biwin.com.cn/,0755-2671 5701,广东省深圳市南山区留仙大道众冠红花岭工业南区二区4、8栋,518055,0755-2671 5739
芯源信息咨询（上海）有限公司,https://c.gongkong.com/MPS/,Yige.Wang@monolithicpower.com,https://www.monolithicpower.cn,021-22251700,上海市桂平路96号,,
无锡市北辰自动化技术有限公司,https://c.gongkong.com/BEICHEN/,wxbca@163.com,http://www.beichen-automation.com,0510-85166823，85136823,蠡园开发区滴翠路100号创意园A幢1501，1503室,214072,0510-85166813
深圳市科达嘉电子有限公司,https://c.gongkong.com/CODACA/,&#160;info@codaca.com,https://www.codaca.com.cn/,&#160;0755-89585372,深圳市龙岗区坂田街道天安云谷产业园11栋34楼,518112,0755-89585280
天津宜科自动化股份有限公司,https://c.gongkong.com/yike/,sales@elco.cn,http://www.elco-holding.com.cn,400-652-5009,天津市西青经济技术开发区赛达四支路 12 号,300385,022-23789721
菲尼克斯（中国）投资有限公司,https://c.gongkong.com/phoenix/,phoenix@phoenixcontact.com.cn,https://www.phoenixcontact.com/zh-cn/,025-52121888,南京市江宁经济开发区菲尼克斯路36号,211100,025-52121555
  深圳市矩形科技有限公司 ,https://c.gongkong.com/PLCSTAR/,market@plcstar.com,http://www.plcstar.com/,15013852568 13380797552,深圳市光明新区观光路3009号招商局光明科技园B5栋A区六楼,518101,0755-27440851-8016
大联大世平集团,https://c.gongkong.com/shipingjituan/,marcom@wpi-group.com,http://www.wpi-group.com,+886-2-2191-0158,115台北市南港区经贸二路189号8楼,11552,+886-2-2788-5200
科隆测量仪器（上海）有限公司,https://c.gongkong.com/krohneasia/,k.web@krohne.com,http://www.krohnechina.com/,021-33397222,上海市徐汇区桂林路396号1号楼9楼,200233,021-64516408
无锡市北辰自动化技术有限公司,https://c.gongkong.com/BEICHEN/,wxbca@163.com,http://www.beichen-automation.com,0510-85166823，85136823,蠡园开发区滴翠路100号创意园A幢1501，1503室,214072,0510-85166813
 唐山平升电子技术开发有限公司,https://c.gongkong.com/psdz/,412670484@qq.com,https://www.data86.com/,0315-7353613,河北省唐山市高新技术开发区庆北道37号,063020,
磐仪科技股份有限公司,https://c.gongkong.com/arbor/,infocn@arbor.com.tw,http://www.arbor-technology.com,0755-83438567-120,深圳市福田区天安数码城创新科技广场I期A座305室,518040,0755-83438597
四川零点自动化系统有限公司,https://c.gongkong.com/lingdian/,sales@odot.cn,https://www.odot.cn/,0816-2530577,四川省绵阳市高新区飞云大道东段261号综合保税区204厂房,621000,0816-6337503
北京力控元通科技有限公司,https://c.gongkong.com/sunway/,zhangying1@sunwayland.com.cn,http://www.sunwayland.com,13371688021,北京市海淀区天秀路10号中国农大国际创业园1号楼四层436室,100193,010-62828877
深圳市海通达电子科技有限公司,https://c.gongkong.com?cid=30398,1926474472@qq.com,http://www.htdelec.com,0755-66817228 13632706808,深圳市南山区西丽同乐路留仙洞大厦1110单元,深圳市海通达电子科技有限公司,
深圳市凌壹科技有限公司,https://c.gongkong.com/zeroone/,limyee@zeroone.net.cn,https://limyee01.com,0755-83650405,深圳市龙华区大浪街道横朗社区恒大时尚慧谷6栋7楼,518100,0755-83639041
北京力控元通科技有限公司,https://c.gongkong.com/sunway/,zhangying1@sunwayland.com.cn,http://www.sunwayland.com,13371688021,北京市海淀区天秀路10号中国农大国际创业园1号楼四层436室,100193,010-62828877
瑞典HMS工业网络有限公司,https://c.gongkong.com/hmsbj/,cn-sales@hms-networks.com,https://www.hms-networks.cn/,010-85321188,北京市东直门外大街23号东外外交办公大楼505B,100600,
IGE+XAO 中国,https://c.gongkong.com/IGE/,zhouqin@ige-xao.com,http://www.ige-xao.com.cn,025－86890716-607,南京市广州路5号君临国际2栋801,210008,025－84650564
远光软件股份有限公司,https://c.gongkong.com/ygrj/,zhongjunmei@ygsoft.com,http://www.ygsoft.com,0756-6298888,广东省珠海市科技创新海岸远光软件园,519085,0756-3399666
Sage赛捷中国,https://c.gongkong.com/sage/,,http://www.sagesoft.cn/,010-65888628/38/48,北京市朝阳门外大街22号泛利大厦1210室,100020,010-65888608
英维思运营管理(中国),https://c.gongkong.com?cid=37768,henlen.shi@invensys.com,http://iom.invensys.com/CN/,86 21 5355 9555,上海市静安区长寿路1111号悦达889中心10楼,英维思运营管理(中国),
北京众驰自动化设备有限公司,https://c.gongkong.com?cid=55808,li.ma@bj-zhongchi.com,http://www.bj-zhongchi.com/,010-56500748,西城区广安门外大街168号朗琴国际B座1011室,北京众驰自动化设备有限公司,
上海辛格林纳新时达电机有限公司,https://c.gongkong.com/STEP/,stepinvrec@stepelectric.com,http://www.stepelectric.com/,400－821－0325,上海市嘉定区思义路1560号,201801,021-69926011
  深圳市矩形科技有限公司 ,https://c.gongkong.com/PLCSTAR/,market@plcstar.com,http://www.plcstar.com/,15013852568 13380797552,深圳市光明新区观光路3009号招商局光明科技园B5栋A区六楼,518101,0755-27440851-8016
北京时代山源自动化控制技术有限公司,https://c.gongkong.com?cid=535,wugang1980623@hotmail.com,http://www.bjshanyuan.com,010-51581566-801,北京市海淀区中关村南大街甲6号铸诚大厦1205、1206号,北京时代山源自动化控制技术有限公司,
宁波高松技术有限公司,https://c.gongkong.com/degson/,info@degson.com,http://www.degson.com/,400-885-2488,中国宁波慈溪逍林镇逍林大道1585号,315321,
北京中川威远科技开发有限公司,https://c.gongkong.com?cid=44003,zcwy01@yahoo.com.cn,,010-65819600 013801098267,北京市朝阳区东三环北路42号新东方写字楼B座4005室,北京中川威远科技开发有限公司,
艾默生驱动与电机,https://c.gongkong.com?cid=45716,Sophie.Yin@Emerson.com,http://www.Emerson.com.cn,86- 21- 3418 3888,上海市古美路1582号艾默生大厦8层,艾默生驱动与电机,
提迈克电机工业系统（中国）有限公司 (TMEIC中国),https://c.gongkong.com/TMEIC/,marketing@tmeic-cn.com,http://www.tmeic.com/China,+ 86 10-5775 1800,北京市东城区祈年大街18号院兴隆国际大厦1号楼3层301室,100062,+ 86 10-5775 1500
苏州士林电机有限公司,https://c.gongkong.com/szsldj/,szshihlin@sseec.com.cn,http://www.sseec.com.cn,0512-68432662 4008-566-088(客服专线),江苏省苏州新区广东街88号,215129,0512-68311917
艾默生驱动与电机,https://c.gongkong.com?cid=45716,Sophie.Yin@Emerson.com,http://www.Emerson.com.cn,86- 21- 3418 3888,上海市古美路1582号艾默生大厦8层,艾默生驱动与电机,
提迈克电机工业系统（中国）有限公司 (TMEIC中国),https://c.gongkong.com/TMEIC/,marketing@tmeic-cn.com,http://www.tmeic.com/China,+ 86 10-5775 1800,北京市东城区祈年大街18号院兴隆国际大厦1号楼3层301室,100062,+ 86 10-5775 1500
上海辛格林纳新时达电机有限公司,https://c.gongkong.com/STEP/,stepinvrec@stepelectric.com,http://www.stepelectric.com/,400－821－0325,上海市嘉定区思义路1560号,201801,021-69926011
安川电机（中国）有限公司,https://c.gongkong.com/YASKAWA/,kawano.tomoki@yaskawa.com.cn,http://www.yaskawa.com.cn,021-53852200,上海市湖滨路222号企业天地1号楼22楼,200021,021-53852770
北京紫荆捷控科技有限公司,https://c.gongkong.com?cid=35293,wangliyan@unisctrol.com,http://www.unisctorl.com,010-62788055,北京市海淀区中关村东路紫光大楼420室,北京紫荆捷控科技有限公司,
宁波高松技术有限公司,https://c.gongkong.com/degson/,info@degson.com,http://www.degson.com/,400-885-2488,中国宁波慈溪逍林镇逍林大道1585号,315321,
ABB高压电机有限公司,https://c.gongkong.com/ABBG/,sales@cn.abb.com,http://www.abb.com/motors&amp;generators,021-61137688,上海市闵行区天星路380号,200245,021-61137788
茵梦达传动技术（上海）有限责任公司,https://c.gongkong.com/INNOMTICS/,wangyan@innomotics.com,https://www.innomotics.com/hub/en,4008981847,上海市杨浦区大连路500号西门子中心B9,100102,
上海维宏电子科技股份有限公司,https://c.gongkong.com/weihong/,weihong@weihong.com.cn,http://www.weihong.com.cn,021-33587550,上海市奉贤区沪杭公路1590号,201401,021-33587519
宁波高松技术有限公司,https://c.gongkong.com/degson/,info@degson.com,http://www.degson.com/,400-885-2488,中国宁波慈溪逍林镇逍林大道1585号,315321,
无锡信捷电气股份有限公司,https://c.gongkong.com/xinjie/,xinje@xinje.com,https://www.xinje.com,400-885-0136,江苏省无锡市滨湖区建筑西路816号,214072,0510-85111290
CONTEC康泰克（上海）信息科技有限公司,https://c.gongkong.com/CONTEC/,qihua.yang@cn.contec.com,https://www.contec.com/cn,021-5401 2288-213,上海市徐汇区宜山路889号齐来大厦1002室,200233,021-5401 2287
深圳市科达嘉电子有限公司,https://c.gongkong.com/CODACA/,&#160;info@codaca.com,https://www.codaca.com.cn/,&#160;0755-89585372,深圳市龙岗区坂田街道天安云谷产业园11栋34楼,518112,0755-89585280
上海安浦鸣志自动化设备有限公司,https://c.gongkong.com/moons/,ama-info@moons.com.cn,http://www.moons.com.cn,400-820-9661,"上海市闵行区闵北路88弄7号楼 Building 7, Lane 88, Minbei Road, Minhang District, Shanghai, 201107, P.R.China",200233,021-62968682
上海开地电子有限公司,https://c.gongkong.com/kaidi/,sales@kindele.com,http://www.kindele.com,021-5268 8820,上海市普陀区怒江北路598号2108室（红星世贸大厦）,200333,021-5268 2869
茵梦达传动技术（上海）有限责任公司,https://c.gongkong.com/INNOMTICS/,wangyan@innomotics.com,https://www.innomotics.com/hub/en,4008981847,上海市杨浦区大连路500号西门子中心B9,100102,
横川机器人（深圳）有限公司,https://c.gongkong.com/hc/,,,,,横川机器人（深圳）有限公司,
易格斯（上海）拖链系统有限公司,https://c.gongkong.com/igus/,,,,,,
力纳克传动系统（深圳）有限公司,https://c.gongkong.com/linak/,sales@linak.cn,https://www.linak.cn/业务范围/工业自动化/?utm_source=Gongkong&amp;utm_medium=Front%20page%20banner&amp;utm_campaign=Gongkong%20front%20page,0755-86106656,"深圳市宝安区西乡街道南昌路上合工业园B栋LINAK Shenzhen Actuator Systems Ltd B Block B, Shanghe Industrial Park Nanchang Road, Xixiang street, Bao’an District Shenzhen, 518126 China",518126,0755-86106990
宁波高松技术有限公司,https://c.gongkong.com/degson/,info@degson.com,http://www.degson.com/,400-885-2488,中国宁波慈溪逍林镇逍林大道1585号,315321,
伦茨（上海）传动系统有限公司,https://c.gongkong.com/LENZE/,info@lenze.cn,http://www.lenze.cn,021-38991600,上海市浦东新区世纪大道1777号东方希望 大厦12楼E座,200122,021-38991605
博能传动（苏州）有限公司,https://c.gongkong.com/BONENG/,chengsijie@boneng.com.cn,https://www.boneng.com/index.asp,0512-66189688,江苏省苏州市相城区如元路100号,,
上海开地电子有限公司,https://c.gongkong.com/kaidi/,sales@kindele.com,http://www.kindele.com,021-5268 8820,上海市普陀区怒江北路598号2108室（红星世贸大厦）,200333,021-5268 2869
上海精锐广用动力科技有限公司,https://c.gongkong.com?cid=44201,sales@apexdyna.cn,http://www.apexdyna.cn,021-69220577,上海市青浦工业园区竹盈路128号,上海精锐广用动力科技有限公司,
深圳市大族电机科技有限公司,https://c.gongkong.com/hansmotor/,hansmotor@hanslaser.com,http://www.hansmotor.com,0755-26983668,广东省宝安区福永镇重庆路128号大族激光工业园4栋5层,518058,0755-26982786
横川机器人（深圳）有限公司,https://c.gongkong.com/hc/,,,,,横川机器人（深圳）有限公司,
上海维宏电子科技股份有限公司,https://c.gongkong.com/weihong/,weihong@weihong.com.cn,http://www.weihong.com.cn,021-33587550,上海市奉贤区沪杭公路1590号,201401,021-33587519
苏州明纬科技有限公司,https://c.gongkong.com/MeanWellsuzhou/,info@meanwell.cc,https://www.meanwell.com.cn,0512-65088600,苏州市相城区黄埭镇长平路269号苏州明纬智慧园区,215152,0512-65088700
宁波高松技术有限公司,https://c.gongkong.com/degson/,info@degson.com,http://www.degson.com/,400-885-2488,中国宁波慈溪逍林镇逍林大道1585号,315321,
宁波速普电子有限公司,https://c.gongkong.com/supu/,supucontact@supu.cn,https://www.supucontact.com/,0574-63324999转8687， 18069106316,浙江省慈溪市坎墩兴镇街625号,315303,0574-63288170
提迈克电机工业系统（中国）有限公司 (TMEIC中国),https://c.gongkong.com/TMEIC/,marketing@tmeic-cn.com,http://www.tmeic.com/China,+ 86 10-5775 1800,北京市东城区祈年大街18号院兴隆国际大厦1号楼3层301室,100062,+ 86 10-5775 1500
宁波高松技术有限公司,https://c.gongkong.com/degson/,info@degson.com,http://www.degson.com/,400-885-2488,中国宁波慈溪逍林镇逍林大道1585号,315321,
苏州明纬科技有限公司,https://c.gongkong.com/MeanWellsuzhou/,info@meanwell.cc,https://www.meanwell.com.cn,0512-65088600,苏州市相城区黄埭镇长平路269号苏州明纬智慧园区,215152,0512-65088700
欧姆龙自动化（中国）有限公司,https://c.gongkong.com/omron/,customer_support@gc.omron.com,http://www.fa.omron.com.cn/,021-60230333 4008204535,上海市浦东新区银城中路 200号中银大厦22楼,200120,021-50372211/58885755/58540123
磐仪科技股份有限公司,https://c.gongkong.com/arbor/,infocn@arbor.com.tw,http://www.arbor-technology.com,0755-83438567-120,深圳市福田区天安数码城创新科技广场I期A座305室,518040,0755-83438597
安川电机（中国）有限公司,https://c.gongkong.com/YASKAWA/,kawano.tomoki@yaskawa.com.cn,http://www.yaskawa.com.cn,021-53852200,上海市湖滨路222号企业天地1号楼22楼,200021,021-53852770
芜湖藦卡机器人科技有限公司,https://c.gongkong.com/MOKA2026/,moka@moka-robot.com,http://www.moka-robot.com/,4008005285,安徽省芜湖市鸠江区官陡门路106号,,
易格斯（上海）拖链系统有限公司,https://c.gongkong.com/igus/,,,,,,
深圳市凌壹科技有限公司,https://c.gongkong.com/zeroone/,limyee@zeroone.net.cn,https://limyee01.com,0755-83650405,深圳市龙华区大浪街道横朗社区恒大时尚慧谷6栋7楼,518100,0755-83639041
深圳市磅旗科技智能发展有限公司,https://c.gongkong.com/bangqikeji/,huangxiaofang@bangqikeji.com,https://www.bangqikeji.com/,18922845647,深圳市罗湖区东晓街道绿景社区布吉路1028号中设广场B栋16层,,
磐仪科技股份有限公司,https://c.gongkong.com/arbor/,infocn@arbor.com.tw,http://www.arbor-technology.com,0755-83438567-120,深圳市福田区天安数码城创新科技广场I期A座305室,518040,0755-83438597
上海兰宝传感科技股份有限公司,https://c.gongkong.com/lanbao/,lbppb@shlanbao.cn,http://www.shlanbao.cn/,021-57486188,上海市奉贤金汇工业园区金碧路228号,201404,021-57486199
LMI Technologies ,https://c.gongkong.com/LMI/,mkt_china@lmitechnologies.com,https://lmi3d.com/?lang=zh-hans,021-54410711,上海市闵行区合川路2679号虹桥国际商务广场B座510室,201103,
深圳市华汉伟业科技有限公司,https://c.gongkong.com/hhwy/,marketing@hhwytech.com,http://www.hhwytech.com/,0755-86028527 / 8927,广东省深圳市南山区打石一路与创科路交汇处南山智城A2栋1201,518000,
杭州海康机器人股份有限公司,https://c.gongkong.com/haikang2017/,hikrobot@hikrobotics.com,http://www.hikrobotics.com,0571-88967998,杭州市滨江区丹枫路399号2号楼B楼304室,310052,0571-88805843
磐仪科技股份有限公司,https://c.gongkong.com/arbor/,infocn@arbor.com.tw,http://www.arbor-technology.com,0755-83438567-120,深圳市福田区天安数码城创新科技广场I期A座305室,518040,0755-83438597
浙江华睿科技股份有限公司,https://c.gongkong.com/huarui/,MVsales@dahuatech.com,http://huaraytech.com/,0571-87235766,杭州市滨江区滨安路1181号西子优迈科技园大华楼,310051,0571-89962633
DATALOGIC得利捷工业自动化,https://c.gongkong.com/Datalogic/,marketing.cn@datalogic.com,https://www.datalogic.com/chn/index.html,021- 50299200,上海市浦东新区东育路227弄6号耀阳大厦D栋办公楼3层,201203,021-5836 6695
合肥埃科光电科技股份有限公司,https://c.gongkong.com/aikeguangdian/,sunwenlong@i-tek.cn,https://www.i-tek.cn/,0551-62622939,安徽省合肥市高新区望江西路中安创谷科技园二期J2栋3F,,
深圳市湾测技术有限公司,https://c.gongkong.com/wance/,market@wonsor.com,http://www.wonsor.com/,400-858-8831,深圳市光明区科陆智慧能源产业园4栋11层,518132,
浙江锐鹰传感技术股份有限公司,https://c.gongkong.com/ruiying2025/,sales@reagles.cn,,0573-89890066,浙江省嘉兴市昌盛南路智慧产业创新园9号楼4层,,
威格勒传感器技术（上海）有限公司,https://c.gongkong.com/wenglor/,info.cn@wenglor.com,https://www.wenglor.com/,021-68554890,上海市闵行区万源路2158号泓毅大厦718室,201103,021-68554895
广州金升阳科技有限公司,https://c.gongkong.com/gzjsy/,market320@mornsun.cn,http://www.mornsun.cn,020-38601850,广州市萝岗区科学城科学大道科汇发展中心科汇一街5号,510663,020-38601272
富延升电子（福建）有限公司,https://c.gongkong.com/fuyansheng/,sales@faselec.com.cn,https://www.fas-elec.com/,0591-22991876,福建省福州市闽侯县上街镇六桥路 33 号均和云谷东南科创基地 A 区 10 栋,350108,0591-22991890
松下电器机电（中国）有限公司,https://c.gongkong.com/panasonic/,,,,,,
上海兰宝传感科技股份有限公司,https://c.gongkong.com/lanbao/,lbppb@shlanbao.cn,http://www.shlanbao.cn/,021-57486188,上海市奉贤金汇工业园区金碧路228号,201404,021-57486199
欧姆龙自动化（中国）有限公司,https://c.gongkong.com/omron/,customer_support@gc.omron.com,http://www.fa.omron.com.cn/,021-60230333 4008204535,上海市浦东新区银城中路 200号中银大厦22楼,200120,021-50372211/58885755/58540123
富延升电子（福建）有限公司,https://c.gongkong.com/fuyansheng/,sales@faselec.com.cn,https://www.fas-elec.com/,0591-22991876,福建省福州市闽侯县上街镇六桥路 33 号均和云谷东南科创基地 A 区 10 栋,350108,0591-22991890
力纳克传动系统（深圳）有限公司,https://c.gongkong.com/linak/,sales@linak.cn,https://www.linak.cn/业务范围/工业自动化/?utm_source=Gongkong&amp;utm_medium=Front%20page%20banner&amp;utm_campaign=Gongkong%20front%20page,0755-86106656,"深圳市宝安区西乡街道南昌路上合工业园B栋LINAK Shenzhen Actuator Systems Ltd B Block B, Shanghe Industrial Park Nanchang Road, Xixiang street, Bao’an District Shenzhen, 518126 China",518126,0755-86106990
易格斯（上海）拖链系统有限公司,https://c.gongkong.com/igus/,,,,,,
穆尔电子元器件(上海)有限公司,https://c.gongkong.com/murrelektronik/,info@murrelektronik.com.cn,http://www.murrelektronik.com.cn/,+86-21-62847607,上海市普陀区绥德路628号C + D 幢,200331,+86-21-62848526
上海康茂胜自动控制有限公司,https://c.gongkong.com/shkms/,info@camozzi.com.cn,http://www.camozzi.com.cn,021-59100999,上海市嘉定区马陆镇尚学路468号,201801,021-59100333
 宾德连接器（南京）有限公司,https://c.gongkong.com/Binder/,q.wang@binder-connector.cn,http://www.binder-connector.cn/,025 8332 8591,南京市江宁区清水亭西路2号，18栋1楼,210008,025-83328590
宝帝流体控制系统(上海)有限公司,https://c.gongkong.com/bdlt/,info.chn@burkert.com,http://www.burkert.com.cn,+86 21 64865110,上海市闵行区新骏环路88号浦江高科技园12A楼四层,201114,+86 21 64874815
北京大川机械电子设备有限公司,https://c.gongkong.com?cid=35477,dachuan@public.east.cn.net,http://www.macro-river.com,010-82859638/82859649,北京朝阳区北四环中路6号华亭嘉园A座9F,北京大川机械电子设备有限公司,
町洋电气贸易（上海）有限公司,https://c.gongkong.com/dinkle/,juan.yu@dinkle.com.cn,http://www.dinkle.com,021-64870636,上海市徐汇区虹桥路3号港汇中心二座3708单元,200030,021-33562500
 易福门电子（上海）有限公司,https://c.gongkong.com/yifumen/,info.cn@ifm.com,http://www.ifm.cn/,021-38134800,上海市浦东新区盛夏路61弄1号楼6层,201203,021-50278669
广州金升阳科技有限公司,https://c.gongkong.com/gzjsy/,market320@mornsun.cn,http://www.mornsun.cn,020-38601850,广州市萝岗区科学城科学大道科汇发展中心科汇一街5号,510663,020-38601272
深圳市凌科电气有限公司,https://c.gongkong.com/CNLINKO/,BMservice@cnlinko.com,https://www.cnlinko.cn/,18824676652,深圳市宝安区福海街道展城社区高新科技园和景工业区H栋厂房101、1层、2层、3层、4层,,
厦门西霸士连接器有限公司,https://c.gongkong.com?cid=44222,sales@sibas.cn,http://www.sibas.cn,0592-7766133,厦门火炬（翔安）产业开发区翔虹路20号,厦门西霸士连接器有限公司,
爱德克电气贸易(上海)有限公司,https://c.gongkong.com/moorkus/,marcom_cn@idec.com,https://idecchina.cn/,021-61351515 分机628/627,上海市静安区共和路209号企业中心第二座8楼,200003,021-61351515
富延升电子（福建）有限公司,https://c.gongkong.com/fuyansheng/,sales@faselec.com.cn,https://www.fas-elec.com/,0591-22991876,福建省福州市闽侯县上街镇六桥路 33 号均和云谷东南科创基地 A 区 10 栋,350108,0591-22991890
深圳市宇泰科技有限公司,https://c.gongkong.com/UTEK/,marketing.cn@szutek.com,http://www.szutek.com/,"4001144149 , 0755-81202008",深圳市宝安区石岩街道塘头一号路8号创维创新谷7#楼10层,518101,0755-27886083
爱德克电气贸易(上海)有限公司,https://c.gongkong.com/moorkus/,marcom_cn@idec.com,https://idecchina.cn/,021-61351515 分机628/627,上海市静安区共和路209号企业中心第二座8楼,200003,021-61351515
皮尔磁工业自动化（上海)有限公司,https://c.gongkong.com/pilz/,sales@pilz.com.cn,http://www.pilz.com.cn,021-60880878,上海浦东新区龙阳路2277号永达国际大厦1702-1705室,201204,021-60880870
北京京汇川仪表科技有限公司,https://c.gongkong.com?cid=40259,hc01058731889@126.com,http://www.bjhcyb.com,010-58731889 58731879,北京市海淀区知春路甲48号盈都大厦C座1-11A,北京京汇川仪表科技有限公司,
松下电器机电（中国）有限公司,https://c.gongkong.com/panasonic/,,,,,,
百得易控(北京)有限公司,https://c.gongkong.com?cid=46318,bdyk2005@263.net,,010-68512110 68538450,北京市复兴路甲1号水科院6号楼首层,百得易控(北京)有限公司,
台湾安良电气公司-安良科技上海分公司.ANLY,https://c.gongkong.com/anly/,sales@anly.com.cn,http://www.anly.com.cn/,(021) 62183300,上海市静安区新闸路831号13G,200041,(021) 62175911
霍尼韦尔控制元件 霍宜华电气（苏州）有限公司,https://c.gongkong.com?cid=47051,servie@honeywell-electric.com,http://www.honeywell-electric.com,400 633 6089,中国苏州市平江区人民路3188号万达广场C座25层,霍尼韦尔控制元件 霍宜华电气（苏州）有限公司,
深圳市天为机电设备有限公司,https://c.gongkong.com/dayfor/,2368825147@qq.com,https://dayfor.1688.com/,13714766891（微信同号） 0755-29412190,广东省深圳市光明区凤凰街道凤凰社区观光路2533号A3栋D区4楼整层,518106,0755-29179602
芜湖藦卡机器人科技有限公司,https://c.gongkong.com/MOKA2026/,moka@moka-robot.com,http://www.moka-robot.com/,4008005285,安徽省芜湖市鸠江区官陡门路106号,,
宁波高松技术有限公司,https://c.gongkong.com/degson/,info@degson.com,http://www.degson.com/,400-885-2488,中国宁波慈溪逍林镇逍林大道1585号,315321,
威图电子机械技术（上海）有限公司,https://c.gongkong.com/rittal/,marketing@rittal.cn,http://www.rittal.cn,021-51157799,上海松江民益路1658号,201612,021-51157788
易格斯（上海）拖链系统有限公司,https://c.gongkong.com/igus/,,,,,,
苏州明纬科技有限公司,https://c.gongkong.com/MeanWellsuzhou/,info@meanwell.cc,https://www.meanwell.com.cn,0512-65088600,苏州市相城区黄埭镇长平路269号苏州明纬智慧园区,215152,0512-65088700
四川零点自动化系统有限公司,https://c.gongkong.com/lingdian/,sales@odot.cn,https://www.odot.cn/,0816-2530577,四川省绵阳市高新区飞云大道东段261号综合保税区204厂房,621000,0816-6337503
施耐德电气(中国)有限公司,https://c.gongkong.com/schneider/,,,,,,
上海天逸电器有限公司,https://c.gongkong.com/tydq/,market@tayee.com.cn,http://www.tayee.com.cn,021-57776240,上海市松江区车墩镇北闵路101号,200233,021-67654535
芯源信息咨询（上海）有限公司,https://c.gongkong.com/MPS/,Yige.Wang@monolithicpower.com,https://www.monolithicpower.cn,021-22251700,上海市桂平路96号,,
宁波高松技术有限公司,https://c.gongkong.com/degson/,info@degson.com,http://www.degson.com/,400-885-2488,中国宁波慈溪逍林镇逍林大道1585号,315321,
上海红波电器有限公司,https://c.gongkong.com/hban/,hb@hban.cc,https://www.hban.cn/,400-685-8889,上海市奉贤区四团经济园区,518000,
深圳市科达嘉电子有限公司,https://c.gongkong.com/CODACA/,&#160;info@codaca.com,https://www.codaca.com.cn/,&#160;0755-89585372,深圳市龙岗区坂田街道天安云谷产业园11栋34楼,518112,0755-89585280
博大科技股份有限公司,https://c.gongkong.com/bodakeji/,sales@pduke.com,https://www.pduke.com.cn/sc/,+886-4-2359-0668,"No.36, 22nd Rd., Taichung Industrial Park, Taichung, 40850, Taiwan, R.O.C.",518034,0755-82531605
德尔兹电子（上海）有限公司,https://c.gongkong.com/DEUZE/,info@deuze-ele.com,http://www.deuze-ele.com,+86 21 5898 6155,中国上海市嘉定区菊园新区环城路2222号,201800,+86 21 5898 6155-21
苏州明纬科技有限公司,https://c.gongkong.com/MeanWellsuzhou/,info@meanwell.cc,https://www.meanwell.com.cn,0512-65088600,苏州市相城区黄埭镇长平路269号苏州明纬智慧园区,215152,0512-65088700
穆尔电子元器件(上海)有限公司,https://c.gongkong.com/murrelektronik/,info@murrelektronik.com.cn,http://www.murrelektronik.com.cn/,+86-21-62847607,上海市普陀区绥德路628号C + D 幢,200331,+86-21-62848526
深圳市科达嘉电子有限公司,https://c.gongkong.com/CODACA/,&#160;info@codaca.com,https://www.codaca.com.cn/,&#160;0755-89585372,深圳市龙岗区坂田街道天安云谷产业园11栋34楼,518112,0755-89585280
易格斯（上海）拖链系统有限公司,https://c.gongkong.com/igus/,,,,,,
深圳市凌壹科技有限公司,https://c.gongkong.com/zeroone/,limyee@zeroone.net.cn,https://limyee01.com,0755-83650405,深圳市龙华区大浪街道横朗社区恒大时尚慧谷6栋7楼,518100,0755-83639041
牧野机床（中国）有限公司,https://c.gongkong.com/makino/,info@makino.com.cn,http://www.makino.com.cn/,0512-57778000,江苏省昆山市牧野路2号,215316,0512-57779900
山东伊巴米亚数控机械制造有限公司,https://c.gongkong.com/ibarmia/,info@siematcnc.com,http://www.ibarmia.com/zh/,0531-83809886,山东省济南市章丘济王路9001号,250200,0531-83809886
浙江万控机柜有限公司,https://c.gongkong.com/wkjg/,1844101682@qq.com,http://www.wecome-metal.com/,0577-57150122,浙江省温州乐清市北白象镇温州大桥工业园区,325603,0577-57150199
杭州中科伺尔沃电机技术有限公司,https://c.gongkong.com/SERVO/,sunhanming@e-servo.com.cn,http://www.e-servo.com.cn,057982929123,杭州市大江东临江高新区科创大道3688号2号楼,315000,057982929122
三丰精密量仪（上海）有限公司,https://c.gongkong.com?cid=56509,info@mitutoyo.com.cn,http://www.mitutoyo.com.cn/,021-58360718,上海市浦东新区海阳西路666弄18号前滩信德中心18层,200124,021-58360717
易格斯（上海）拖链系统有限公司,https://c.gongkong.com/igus/,,,,,,
康硕电气集团有限公司,https://c.gongkong.com/kangshuo/,shichangzhongxin@ks-jt.com,,15921818960,上海市闵行区新龙路360弄万金中心T1N-403,201199,
上海志瞳智能科技有限公司,https://c.gongkong.com/zhitong/,sales@raise3d.com,https://www.raise3d.cn/,400-6367-888,中国上海杨浦区国权北路1688号B5座4楼,200438,400-6367-888
德莎胶带（上海）有限公司,https://c.gongkong.com/tesa/,,,,,,
深圳市越疆科技有限公司,https://c.gongkong.com/DOBOT/,huangzhiqian@dobot.cc,https://cn.dobot.cc/,0755-26413681,深圳市南山区同富裕工业城三栋三楼,518055,0755-26413681
上海复志信息科技股份有限公司 ,https://c.gongkong.com/Raise3D/,,https://www.raise3d.cn/,021-65337855,上海市杨浦区国权北路1600号B5座4层,200438,021-65337855
黄石市科威自控有限公司,https://c.gongkong.com/hskw/,kwplc@163.com,http://www.kwzk.com,027-65523899,湖北省黄石市花径路48号,435002,0714-3802748
湖南华曙高科技有限责任公司,https://c.gongkong.com/hsgk/,,http://www.farsoon.com/,400-055-2155,,,
深圳市磅旗科技智能发展有限公司,https://c.gongkong.com/bangqikeji/,huangxiaofang@bangqikeji.com,https://www.bangqikeji.com/,18922845647,深圳市罗湖区东晓街道绿景社区布吉路1028号中设广场B栋16层,,
青岛依诺信工业自动化技术有限公司,https://c.gongkong.com/item/,sales@item-china.cn,http://www.item-china.cn/,+86 ( 532 ) 6802 23 30,青岛市即墨区钱崮山二路 6 号,266200,+86 ( 532 ) 6802 23 36
磐仪科技股份有限公司,https://c.gongkong.com/arbor/,infocn@arbor.com.tw,http://www.arbor-technology.com,0755-83438567-120,深圳市福田区天安数码城创新科技广场I期A座305室,518040,0755-83438597
易格斯（上海）拖链系统有限公司,https://c.gongkong.com/igus/,,,,,,
软体机器人科技有限公司,https://c.gongkong.com/ruanti/,srt@softrobottech.com,http://www.softrobottech.com/,400-186-7770,北京市丰台区富丰路6号启城空间,100070,-
湖南视比特机器人有限公司,https://c.gongkong.com/shibite/,info@speedbot.net,https://www.speedbot.net/,4006318686,南省长沙经济开发区螺丝塘路1号德普 五和企业园7栋E座 /,410100,
北京新超仁达科技有限公司,https://c.gongkong.com/xckj/,market01@xckz.com,http://www.xckz.com,010-56204317,北京市海淀区上地信息路1号2号楼2层202,100085,010-62963598
杭州中科伺尔沃电机技术有限公司,https://c.gongkong.com/SERVO/,sunhanming@e-servo.com.cn,http://www.e-servo.com.cn,057982929123,杭州市大江东临江高新区科创大道3688号2号楼,315000,057982929122
奇石乐精密机械设备(上海)有限公司 ,https://c.gongkong.com/kistler1/,marketing.cn@kistler.com,https://www.kistler.com/zh/?utm_source=media&amp;utm_medium=gk&amp;utm_campaign=company,400 820 9802,上海市闵行区申长路1588弄15号楼,201107,021-23516111
芯源信息咨询（上海）有限公司,https://c.gongkong.com/MPS/,Yige.Wang@monolithicpower.com,https://www.monolithicpower.cn,021-22251700,上海市桂平路96号,,
深圳市磅旗科技智能发展有限公司,https://c.gongkong.com/bangqikeji/,huangxiaofang@bangqikeji.com,https://www.bangqikeji.com/,18922845647,深圳市罗湖区东晓街道绿景社区布吉路1028号中设广场B栋16层,,
深圳市凌壹科技有限公司,https://c.gongkong.com/zeroone/,limyee@zeroone.net.cn,https://limyee01.com,0755-83650405,深圳市龙华区大浪街道横朗社区恒大时尚慧谷6栋7楼,518100,0755-83639041
北京领航盛辉科技有限公司,https://c.gongkong.com/zettakit/,contact@zettakit.com,http://www.zettakit.com,+86 10 50855084,北京市海淀区苏州街3号大恒科技大厦8层,10000,+86 10 50855084
思科中国,https://c.gongkong.com/scisco/,cn-pre-sales@cisco.com,,(010)85155000,北京市朝阳区建国门外大街2号北京银泰中心银泰写字楼C座7-12层,100000,(010)85155000
北京硕人时代科技股份有限公司,https://c.gongkong.com/shuorenshidai/,wangchuantao@shuoren.com,http://ai-ii.shuoren.com/,010-62973205,北京市海淀区上地信息路11号 彩虹大厦 北楼东209,100085,010-62965262
北京天泽智云科技有限公司,https://c.gongkong.com/CyberInsight/,marketing@cyber-insight.com,http://cyber-insight.com/,010-82263301,北京市海淀区知春路17-7号致真大厦C座4层北区,100191,82261620
芯源信息咨询（上海）有限公司,https://c.gongkong.com/MPS/,Yige.Wang@monolithicpower.com,https://www.monolithicpower.cn,021-22251700,上海市桂平路96号,,
深圳市凌壹科技有限公司,https://c.gongkong.com/zeroone/,limyee@zeroone.net.cn,https://limyee01.com,0755-83650405,深圳市龙华区大浪街道横朗社区恒大时尚慧谷6栋7楼,518100,0755-83639041
威刚电子（上海）贸易有限公司,https://c.gongkong.com/adata_industrial/,IASales_cn@adata.com,http://industrial.adata.com/cn/,86-21-62331010-25789,上海闵行区泰虹路268弄7号,201107,
菲尼克斯（中国）投资有限公司,https://c.gongkong.com/phoenix/,phoenix@phoenixcontact.com.cn,https://www.phoenixcontact.com/zh-cn/,025-52121888,南京市江宁经济开发区菲尼克斯路36号,211100,025-52121555
GE VERNOVA,https://c.gongkong.com/GEdigital/,,,,,,
湖南视比特机器人有限公司,https://c.gongkong.com/shibite/,info@speedbot.net,https://www.speedbot.net/,4006318686,南省长沙经济开发区螺丝塘路1号德普 五和企业园7栋E座 /,410100,
南京图尔库智能科技有限公司,https://c.gongkong.com/TukBest/,404357550@qq.com,http://www.tukbest.com/,025-58193989,江苏省南京市浦口区大桥北路1号华侨银座A座508室,210000,025-58193989
北京硕人时代科技股份有限公司,https://c.gongkong.com/shuorenshidai/,wangchuantao@shuoren.com,http://ai-ii.shuoren.com/,010-62973205,北京市海淀区上地信息路11号 彩虹大厦 北楼东209,100085,010-62965262
易盼软件（上海）有限公司,https://c.gongkong.com/eplan/,Qian.L@eplan.cn,https://www.eplan.cn/cn/start/,021-51157799-726,上海市松江工业区民益路1658号,201612,021-57686069
成都市世纪优科科技有限公司,https://c.gongkong.com/shijiyouke/,sales@ucancode.net,http://www.ucancode.com,028-85354545,成都市望江路1号,610000,028-85354645
上海利驰软件有限公司 ,https://c.gongkong.com/LEAds/,samling@leadsoft.com.cn,https://www.leadsoft.com.cn/,021-50804055,上海张江高科技园区郭守敬路498号浦东软件园19号楼508室,,
苏州瀚川智能科技股份有限公司,https://c.gongkong.com/HARMONCODE/,Suzy.Zhou@harmontronics.com,https://www.harmontronics.com,13980441746,苏州市工业园区胜浦镇佳胜路16号/40号,215126,0512-62819003
罗克韦尔自动化（中国）有限公司,https://c.gongkong.com/rockwell/,echen@ra.rockwell.com,http://www.rockwellautomation.com,021 6128 8888,上海市漕河泾开发区虹梅路1801号B区宏业大楼1楼,200233,021 6128 8445
深圳市磅旗科技智能发展有限公司,https://c.gongkong.com/bangqikeji/,huangxiaofang@bangqikeji.com,https://www.bangqikeji.com/,18922845647,深圳市罗湖区东晓街道绿景社区布吉路1028号中设广场B栋16层,,
  深圳市矩形科技有限公司 ,https://c.gongkong.com/PLCSTAR/,market@plcstar.com,http://www.plcstar.com/,15013852568 13380797552,深圳市光明新区观光路3009号招商局光明科技园B5栋A区六楼,518101,0755-27440851-8016
威刚电子（上海）贸易有限公司,https://c.gongkong.com/adata_industrial/,IASales_cn@adata.com,http://industrial.adata.com/cn/,86-21-62331010-25789,上海闵行区泰虹路268弄7号,201107,
北京力控元通科技有限公司,https://c.gongkong.com/sunway/,zhangying1@sunwayland.com.cn,http://www.sunwayland.com,13371688021,北京市海淀区天秀路10号中国农大国际创业园1号楼四层436室,100193,010-62828877
北京和利时系统工程有限公司,https://c.gongkong.com/hollysys/,marketing@hollysys.com,http://www.hollysys.com,010-58981000转营销管理部,北京经济技术开发区地盛中路2号院,100096,010-58981100
深圳前海禾盈科技有限公司,https://c.gongkong.com/heying/,liujie@rpastechno.com&#160;,http://www.rpastechno.com&#160;,18566551586,深圳市前海深港合作区前湾一路1号A栋201室,518000,18566551586
北京亚控科技发展有限公司,https://c.gongkong.com/kingview/,marketing@wellintech.com,http://www.kingview.com,010-59309666,北京市海淀区知春路113号银网中心A座602,100086,010-59309680
上海设序科技有限公司,https://c.gongkong.com/shsx/,yun.zhang@designorder.cn,https://www.designorder.cn,021-5980-9010,上海市闵行区昆阳路1508号2幢3层,,
上海利驰软件有限公司 ,https://c.gongkong.com/LEAds/,samling@leadsoft.com.cn,https://www.leadsoft.com.cn/,021-50804055,上海张江高科技园区郭守敬路498号浦东软件园19号楼508室,,
云智汇（深圳）高新科技服务有限公司,https://c.gongkong.com/yunzhihui/,message@maxnerva.com,http://www.maxnerva.com/,0755-28445806,深圳市龙岗区梅坂大道雅宝路星河WORLD B座23,518000,0755-28445806
杭州壹悟科技有限公司,https://c.gongkong.com/yiwu/,sales@coevolution.ai,https://coevolution.cn/,400-003-1515,浙江省杭州市余杭区人工智能小镇15幢506,,
成都中嵌自动化工程有限公司,https://c.gongkong.com/zhongqiankeji/,zhanghua@emsyschina.com,http://www.emfuture.com,4000 538 168,成都市天府新区科学城湖畔路北段1199号4号楼,610000,
北京硕人时代科技股份有限公司,https://c.gongkong.com/shuorenshidai/,wangchuantao@shuoren.com,http://ai-ii.shuoren.com/,010-62973205,北京市海淀区上地信息路11号 彩虹大厦 北楼东209,100085,010-62965262
西门子（中国）有限公司,https://c.gongkong.com/siemenspc/,contact.slc@siemens.com,http://www.industry.siemens.com.cn,如需咨询购买西门子产品，请您直接拨打西门子热线400-616-2020 。如需工业自动化产品相关的技术支持，请您直接拨打技术支持和服务热线400-810-4288,北京市朝阳区望京中环南路7号西门子（中国）有限公司,100102,010-64719991
西门子工厂自动化工程有限公司（SFAE）,https://c.gongkong.com/siemenssfae/,sfae.cn@siemens.com,http://www.industry.siemens.com.cn/topics/cn/zh/oc/sfae/Pages/Default.aspx,0086-10 8459 7000,北京市朝阳区酒仙桥东路9号A1栋8层,100015,0086-10 8459 7070
oracle甲骨文（中国）软件系统有限公司,https://c.gongkong.com/Oracle/,salesjob_cn@oracle.com,http://www.oracle.com/lang/cn,010-65386688,北京市,,010-65057505
西门子（中国）有限公司,https://c.gongkong.com/siemenspc/,contact.slc@siemens.com,http://www.industry.siemens.com.cn,如需咨询购买西门子产品，请您直接拨打西门子热线400-616-2020 。如需工业自动化产品相关的技术支持，请您直接拨打技术支持和服务热线400-810-4288,北京市朝阳区望京中环南路7号西门子（中国）有限公司,100102,010-64719991
上海利驰软件有限公司 ,https://c.gongkong.com/LEAds/,samling@leadsoft.com.cn,https://www.leadsoft.com.cn/,021-50804055,上海张江高科技园区郭守敬路498号浦东软件园19号楼508室,,
北京天拓四方科技有限公司,https://c.gongkong.com/ttsf/,ttsf@bjttsf.com,http://www.bjttsf.com,400-696-5700,北京市丰台区外环西路26号院总部国际11号东楼,100070,010-83815008
参数技术（上海）软件有限公司,https://c.gongkong.com/PTC/,flyi@ptc.com,,010-65908699,北京朝阳区东三环北路5号 发展大厦16层1616室,100004,010-65908698
施耐德电气(中国)有限公司,https://c.gongkong.com/schneider/,,,,,,
北京力控元通科技有限公司,https://c.gongkong.com/sunway/,zhangying1@sunwayland.com.cn,http://www.sunwayland.com,13371688021,北京市海淀区天秀路10号中国农大国际创业园1号楼四层436室,100193,010-62828877
  深圳市矩形科技有限公司 ,https://c.gongkong.com/PLCSTAR/,market@plcstar.com,http://www.plcstar.com/,15013852568 13380797552,深圳市光明新区观光路3009号招商局光明科技园B5栋A区六楼,518101,0755-27440851-8016
磐仪科技股份有限公司,https://c.gongkong.com/arbor/,infocn@arbor.com.tw,http://www.arbor-technology.com,0755-83438567-120,深圳市福田区天安数码城创新科技广场I期A座305室,518040,0755-83438597
霍尼韦尔中国,https://c.gongkong.com/honeywellcn/,rachel.zhang-careerintlinc@honeywell.com,http://www.honeywell.com.cn,（010）64103000,北京市朝阳区霄云路26号鹏润大厦17层,100016,(010) 64103000
西门子（中国）有限公司,https://c.gongkong.com/siemenspc/,contact.slc@siemens.com,http://www.industry.siemens.com.cn,如需咨询购买西门子产品，请您直接拨打西门子热线400-616-2020 。如需工业自动化产品相关的技术支持，请您直接拨打技术支持和服务热线400-810-4288,北京市朝阳区望京中环南路7号西门子（中国）有限公司,100102,010-64719991
中达电通股份有限公司,https://c.gongkong.com/delta/,cs.service@deltaww.com,http://www.delta-china.com.cn,400-820-9595,上海市浦东新区民夏路238号,201209,021-58630003 021-38983692
安科瑞电气股份有限公司,https://c.gongkong.com/ankerui/,2881068607@qq.com,http://www.acrel-pm.com/,021-69151050/18721095536,上海市嘉定区育绿路253号,201801,021-69155906
  深圳市矩形科技有限公司 ,https://c.gongkong.com/PLCSTAR/,market@plcstar.com,http://www.plcstar.com/,15013852568 13380797552,深圳市光明新区观光路3009号招商局光明科技园B5栋A区六楼,518101,0755-27440851-8016
深圳前海禾盈科技有限公司,https://c.gongkong.com/heying/,liujie@rpastechno.com&#160;,http://www.rpastechno.com&#160;,18566551586,深圳市前海深港合作区前湾一路1号A栋201室,518000,18566551586
oracle甲骨文（中国）软件系统有限公司,https://c.gongkong.com/Oracle/,salesjob_cn@oracle.com,http://www.oracle.com/lang/cn,010-65386688,北京市,,010-65057505
北京智邦国际软件技术有限公司,https://c.gongkong.com/zbgj/,market@zbintel.com,http://www.zbintel.com,400-650-8060,北京市海淀区永丰高新技术产业基地北斗星通大厦五层,100094,010-69939469
Sage赛捷中国,https://c.gongkong.com/sage/,,http://www.sagesoft.cn/,010-65888628/38/48,北京市朝阳门外大街22号泛利大厦1210室,100020,010-65888608
云智汇（深圳）高新科技服务有限公司,https://c.gongkong.com/yunzhihui/,message@maxnerva.com,http://www.maxnerva.com/,0755-28445806,深圳市龙岗区梅坂大道雅宝路星河WORLD B座23,518000,0755-28445806
西门子（中国）有限公司,https://c.gongkong.com/siemenspc/,contact.slc@siemens.com,http://www.industry.siemens.com.cn,如需咨询购买西门子产品，请您直接拨打西门子热线400-616-2020 。如需工业自动化产品相关的技术支持，请您直接拨打技术支持和服务热线400-810-4288,北京市朝阳区望京中环南路7号西门子（中国）有限公司,100102,010-64719991
北京智邦国际软件技术有限公司,https://c.gongkong.com/zbgj/,market@zbintel.com,http://www.zbintel.com,400-650-8060,北京市海淀区永丰高新技术产业基地北斗星通大厦五层,100094,010-69939469
西门子工厂自动化工程有限公司（SFAE）,https://c.gongkong.com/siemenssfae/,sfae.cn@siemens.com,http://www.industry.siemens.com.cn/topics/cn/zh/oc/sfae/Pages/Default.aspx,0086-10 8459 7000,北京市朝阳区酒仙桥东路9号A1栋8层,100015,0086-10 8459 7070
Mouser 昴氏(上海)电子贸易有限公司,https://c.gongkong.com?cid=31274,asia.credit@mouser.cn,https://www.mouser.cn/zh/,+1(817)804-3833,上海愚园路1258号15A层07室,200050,+1(817)804-3833
横川机器人（深圳）有限公司,https://c.gongkong.com/hc/,,,,,横川机器人（深圳）有限公司,
宁波高松技术有限公司,https://c.gongkong.com/degson/,info@degson.com,http://www.degson.com/,400-885-2488,中国宁波慈溪逍林镇逍林大道1585号,315321,
苏州明纬科技有限公司,https://c.gongkong.com/MeanWellsuzhou/,info@meanwell.cc,https://www.meanwell.com.cn,0512-65088600,苏州市相城区黄埭镇长平路269号苏州明纬智慧园区,215152,0512-65088700
易格斯（上海）拖链系统有限公司,https://c.gongkong.com/igus/,,,,,,
埃莫运动控制技术（上海）有限公司,https://c.gongkong.com/Elmo/,info-china@elmomc.com,http://www.elmomc.cn/,021-61210395,上海市徐汇区桂平路391号1706室,200030,021-60737985*200
T&Uuml;V南德意志集团,https://c.gongkong.com/TUV/,leona.you@edelman.com,,021-61937553,上海市石门一路211号3楼,200041,021-61937566
北京硕人时代科技股份有限公司,https://c.gongkong.com/shuorenshidai/,wangchuantao@shuoren.com,http://ai-ii.shuoren.com/,010-62973205,北京市海淀区上地信息路11号 彩虹大厦 北楼东209,100085,010-62965262
深圳市金瑞铭科技有限公司,https://c.gongkong.com/CR/,sales@genrace.com,https://www.genrace.com/,0755-82789178,深圳市龙华区民治街道龙发路80号12栋3楼,,
深圳市凌壹科技有限公司,https://c.gongkong.com/zeroone/,limyee@zeroone.net.cn,https://limyee01.com,0755-83650405,深圳市龙华区大浪街道横朗社区恒大时尚慧谷6栋7楼,518100,0755-83639041
  深圳市矩形科技有限公司 ,https://c.gongkong.com/PLCSTAR/,market@plcstar.com,http://www.plcstar.com/,15013852568 13380797552,深圳市光明新区观光路3009号招商局光明科技园B5栋A区六楼,518101,0755-27440851-8016
瑞典HMS工业网络有限公司,https://c.gongkong.com/hmsbj/,cn-sales@hms-networks.com,https://www.hms-networks.cn/,010-85321188,北京市东直门外大街23号东外外交办公大楼505B,100600,
北京力控元通科技有限公司,https://c.gongkong.com/sunway/,zhangying1@sunwayland.com.cn,http://www.sunwayland.com,13371688021,北京市海淀区天秀路10号中国农大国际创业园1号楼四层436室,100193,010-62828877
芯源信息咨询（上海）有限公司,https://c.gongkong.com/MPS/,Yige.Wang@monolithicpower.com,https://www.monolithicpower.cn,021-22251700,上海市桂平路96号,,
深圳市杰和科技发展有限公司,https://c.gongkong.com?cid=58618,JH-info@giadatech.com,https://www.giadatech.com.cn,0755-33300319,深圳市南山区高新技术产业园北区清华信息港A座1-2楼,518057,
北京中控赛德 ,https://c.gongkong.com/ZKCIT/,support.china@zkcit.com,http://www.zkcit.com,010-58772068,北京市朝阳区北辰西路69号峻峰华亭C座1010,100029,010-58772060
北京京汇川仪表科技有限公司,https://c.gongkong.com?cid=40259,hc01058731889@126.com,http://www.bjhcyb.com,010-58731889 58731879,北京市海淀区知春路甲48号盈都大厦C座1-11A,北京京汇川仪表科技有限公司,
宝帝流体控制系统(上海)有限公司,https://c.gongkong.com/bdlt/,info.chn@burkert.com,http://www.burkert.com.cn,+86 21 64865110,上海市闵行区新骏环路88号浦江高科技园12A楼四层,201114,+86 21 64874815
威格（中国）仪表有限公司,https://c.gongkong.com/VEGA/,shianan@vega.com,http://www.vega.cn,(0573) 82200299,浙江省嘉兴市经济技术开发区丰华路929号威格（中国）仪表有限公司,314000,(022) 26273297
 福禄克测试仪器（上海）有限公司,https://c.gongkong.com/fluke/,customer@gongkong.com,http://www.fluke.com.cn,400-810-3435,北京建国门外大街22号赛特大厦2301室,100004,010-65123437
绵阳市维博电子有限责任公司,https://c.gongkong.com/wb/,wb@wbdz.cn,http://www.wbdz.cn,0816-2278150/2278151/2278153/2278154/2970923,绵阳市游仙区延熙路1号机器人产业园区,621000,0816-2281934
宁波高松技术有限公司,https://c.gongkong.com/degson/,info@degson.com,http://www.degson.com/,400-885-2488,中国宁波慈溪逍林镇逍林大道1585号,315321,
芯源信息咨询（上海）有限公司,https://c.gongkong.com/MPS/,Yige.Wang@monolithicpower.com,https://www.monolithicpower.cn,021-22251700,上海市桂平路96号,,
麦克传感器股份有限公司,https://c.gongkong.com/microsensor/,info@microsensor.cn,http://www.microsensor.cn,4000820660,陕西省宝鸡市英达路18号,721006,4000820660
上海维宏电子科技股份有限公司,https://c.gongkong.com/weihong/,weihong@weihong.com.cn,http://www.weihong.com.cn,021-33587550,上海市奉贤区沪杭公路1590号,201401,021-33587519
易格斯（上海）拖链系统有限公司,https://c.gongkong.com/igus/,,,,,,
芯源信息咨询（上海）有限公司,https://c.gongkong.com/MPS/,Yige.Wang@monolithicpower.com,https://www.monolithicpower.cn,021-22251700,上海市桂平路96号,,
百得易控(北京)有限公司,https://c.gongkong.com?cid=46318,bdyk2005@263.net,,010-68512110 68538450,北京市复兴路甲1号水科院6号楼首层,百得易控(北京)有限公司,
赛莱默（中国）有限公司,https://c.gongkong.com?cid=14482,fred.gu@xyleminc.com,http://www.xyleminc.com,"86-21-22082888×8252, 13816682295",上海市遵义路100号虹桥上海城A座30楼,赛莱默（中国）有限公司,
德尔兹电子（上海）有限公司,https://c.gongkong.com/DEUZE/,info@deuze-ele.com,http://www.deuze-ele.com,+86 21 5898 6155,中国上海市嘉定区菊园新区环城路2222号,201800,+86 21 5898 6155-21
深圳市凌壹科技有限公司,https://c.gongkong.com/zeroone/,limyee@zeroone.net.cn,https://limyee01.com,0755-83650405,深圳市龙华区大浪街道横朗社区恒大时尚慧谷6栋7楼,518100,0755-83639041
苏州阿普奇物联网科技有限公司,https://c.gongkong.com/apq/,apqchina@apuqi.com,http://www.apuqi.com/,400-702-7002(服务热线）,苏州市相城区元和街道万里路88号3号楼,610031,
山东威力重工机床有限公司,https://c.gongkong.com/weilizhonggong/,info@weilicnc.com,http://www.yeyaji7.com,0632-5863818,山东省滕州市经济开发区春藤东路999号,277500,
威刚电子（上海）贸易有限公司,https://c.gongkong.com/adata_industrial/,IASales_cn@adata.com,http://industrial.adata.com/cn/,86-21-62331010-25789,上海闵行区泰虹路268弄7号,201107,
福建雪人集团股份有限公司,https://c.gongkong.com/xueren/,info@snowkey.com,,0591-28701111,福建省福州市长乐区航城街道洞江西路8号,,
宝帝流体控制系统(上海)有限公司,https://c.gongkong.com/bdlt/,info.chn@burkert.com,http://www.burkert.com.cn,+86 21 64865110,上海市闵行区新骏环路88号浦江高科技园12A楼四层,201114,+86 21 64874815
深圳市讯灵智能技术科技有限公司,https://c.gongkong.com/xunling/,admin@51g3.com,,400-716-5881,深圳市南山区南头街道安乐社区关口二路15号智恒产业园4栋301,,
上海威固信息技术股份有限公司,https://c.gongkong.com/weigu/,sales@veiglo.com,https://www.veiglo.cn/,热线：4008-220-880,上海市青浦区高泾路599号B座2层,201702,86-021-62665667
库迈思精密机械（上海）有限公司,https://c.gongkong.com/komax/,sales@komaxgroup.com,http://www.komaxgroup.com/en/,021-54425262,上海闵行 上海市莘庄工业区申富路６７９号４号楼,201108,86-021-54425260
西门子工厂自动化工程有限公司（SFAE）,https://c.gongkong.com/siemenssfae/,sfae.cn@siemens.com,http://www.industry.siemens.com.cn/topics/cn/zh/oc/sfae/Pages/Default.aspx,0086-10 8459 7000,北京市朝阳区酒仙桥东路9号A1栋8层,100015,0086-10 8459 7070
